timestamp,participant_id,participant_name,session_label,gaze_x,gaze_y,gaze_direction
2026-09-20 22:05:31,d5a6a3d4-c58a-44e7-a055-e43163416658,Participante 1,sesion_guiada,0.5803,0.5074,izquierda
2026-09-20 22:05:32,d5a6a3d4-c58a-44e7-a055-e43163416658,Participante 1,sesion_guiada,0.3720,0.4790,derecha
2026-09-20 22:05:33,d5a6a3d4-c58a-44e7-a055-e43163416658,Participante 1,sesion_guiada,0.4557,0.5266,izquierda
2026-09-20 22:05:34,d5a6a3d4-c58a-44e7-a055-e43163416658,Participante 1,sesion_guiada,0.4711,0.5066,derecha
2026-09-20 22:05:36,d5a6a3d4-c58a-44e7-a055-e43163416658,Participante 1,sesion_guiada,0.5130,0.4118,izquierda
2026-09-20 22:05:38,d5a6a3d4-c58a-44e7-a055-e43163416658,Participante 1,sesion_guiada,0.5144,0.5085,izquierda
2026-09-20 22:05:39,d5a6a3d4-c58a-44e7-a055-e43163416658,Participante 1,sesion_guiada,0.5058,0.5595,izquierda
2026-09-20 22:05:40,d5a6a3d4-c58a-44e7-a055-e43163416658,Participante 1,sesion_guiada,0.5010,0.4753,izquierda
2026-09-20 22:05:41,d5a6a3d4-c58a-44e7-a055-e43163416658,Participante 1,sesion_guiada,0.5268,0.4761,izquierda
2026-09-20 22:05:42,d5a6a3d4-c58a-44e7-a055-e43163416658,Participante 1,sesion_guiada,0.4455,0.4140,izquierda
2026-09-20 22:05:43,d5a6a3d4-c58a-44e7-a055-e43163416658,Participante 1,sesion_guiada,0.4558,0.3337,derecha
2026-09-20 22:05:59,d5a6a3d4-c58a-44e7-a055-e43163416658,Participante 1,sesion_guiada,0.8324,1.0000,izquierda
2026-09-20 22:06:00,d5a6a3d4-c58a-44e7-a055-e43163416658,Participante 1,sesion_guiada,0.5167,0.4819,izquierda
2026-09-20 22:06:01,d5a6a3d4-c58a-44e7-a055-e43163416658,Participante 1,sesion_guiada,0.5463,0.5176,izquierda
2026-09-20 22:06:02,d5a6a3d4-c58a-44e7-a055-e43163416658,Participante 1,sesion_guiada,0.5348,0.4794,izquierda
2026-09-20 22:06:03,d5a6a3d4-c58a-44e7-a055-e43163416658,Participante 1,sesion_guiada,0.5106,0.4965,izquierda
2026-09-20 22:06:04,d5a6a3d4-c58a-44e7-a055-e43163416658,Participante 1,sesion_guiada,0.4928,0.4606,izquierda
2026-09-20 22:06:06,d5a6a3d4-c58a-44e7-a055-e43163416658,Participante 1,sesion_guiada,0.4636,0.4766,derecha
2026-09-20 22:06:07,d5a6a3d4-c58a-44e7-a055-e43163416658,Participante 1,sesion_guiada,0.4036,0.4868,derecha
2026-09-20 22:06:08,d5a6a3d4-c58a-44e7-a055-e43163416658,Participante 1,sesion_guiada,0.5023,0.4546,izquierda
2026-09-20 22:06:09,d5a6a3d4-c58a-44e7-a055-e43163416658,Participante 1,sesion_guiada,0.5559,0.4847,izquierda
2026-09-20 22:06:10,d5a6a3d4-c58a-44e7-a055-e43163416658,Participante 1,sesion_guiada,0.4709,0.5038,izquierda
2026-09-20 22:06:11,d5a6a3d4-c58a-44e7-a055-e43163416658,Participante 1,sesion_guiada,0.5418,0.5004,izquierda
2026-09-20 22:06:13,d5a6a3d4-c58a-44e7-a055-e43163416658,Participante 1,sesion_guiada,0.5376,0.4621,izquierda
2026-09-20 22:06:14,d5a6a3d4-c58a-44e7-a055-e43163416658,Participante 1,sesion_guiada,0.5002,0.4649,izquierda
2026-09-20 22:06:15,d5a6a3d4-c58a-44e7-a055-e43163416658,Participante 1,sesion_guiada,0.5404,0.4725,izquierda
2026-09-20 22:06:16,d5a6a3d4-c58a-44e7-a055-e43163416658,Participante 1,sesion_guiada,0.5277,0.4750,izquierda
2026-09-20 22:06:17,d5a6a3d4-c58a-44e7-a055-e43163416658,Participante 1,sesion_guiada,0.4844,0.4519,derecha
2026-09-20 22:06:18,d5a6a3d4-c58a-44e7-a055-e43163416658,Participante 1,sesion_guiada,0.4389,0.4651,derecha
2026-09-20 22:06:20,d5a6a3d4-c58a-44e7-a055-e43163416658,Participante 1,sesion_guiada,0.5021,0.4529,izquierda
2026-09-20 22:06:21,d5a6a3d4-c58a-44e7-a055-e43163416658,Participante 1,sesion_guiada,0.5345,0.4860,izquierda
2026-09-20 22:06:22,d5a6a3d4-c58a-44e7-a055-e43163416658,Participante 1,sesion_guiada,0.5099,0.4675,izquierda
2026-09-20 22:06:23,d5a6a3d4-c58a-44e7-a055-e43163416658,Participante 1,sesion_guiada,0.5250,0.4820,izquierda
2026-09-20 22:06:24,d5a6a3d4-c58a-44e7-a055-e43163416658,Participante 1,sesion_guiada,0.3731,0.4878,derecha
2026-09-20 22:06:25,d5a6a3d4-c58a-44e7-a055-e43163416658,Participante 1,sesion_guiada,0.5261,0.4752,izquierda
2026-09-20 22:06:27,d5a6a3d4-c58a-44e7-a055-e43163416658,Participante 1,sesion_guiada,0.3669,0.4923,derecha
2026-09-20 22:06:28,d5a6a3d4-c58a-44e7-a055-e43163416658,Participante 1,sesion_guiada,0.5034,0.4783,izquierda
2026-09-20 22:06:29,d5a6a3d4-c58a-44e7-a055-e43163416658,Participante 1,sesion_guiada,0.4656,0.4566,derecha
2026-09-20 22:06:30,d5a6a3d4-c58a-44e7-a055-e43163416658,Participante 1,sesion_guiada,0.4198,0.4075,derecha
2026-09-20 22:06:31,d5a6a3d4-c58a-44e7-a055-e43163416658,Participante 1,sesion_guiada,0.5337,0.4889,izquierda
2026-09-20 22:06:32,d5a6a3d4-c58a-44e7-a055-e43163416658,Participante 1,sesion_guiada,0.4246,0.4657,izquierda
2026-09-20 22:06:34,d5a6a3d4-c58a-44e7-a055-e43163416658,Participante 1,sesion_guiada,0.3674,0.5020,derecha
2026-09-20 22:06:35,d5a6a3d4-c58a-44e7-a055-e43163416658,Participante 1,sesion_guiada,0.5254,0.4800,izquierda
2026-09-20 22:06:36,d5a6a3d4-c58a-44e7-a055-e43163416658,Participante 1,sesion_guiada,0.4053,0.4623,derecha
2026-09-20 22:06:37,d5a6a3d4-c58a-44e7-a055-e43163416658,Participante 1,sesion_guiada,0.5230,0.4656,derecha
2026-09-20 22:06:38,d5a6a3d4-c58a-44e7-a055-e43163416658,Participante 1,sesion_guiada,0.5457,0.4888,izquierda
2026-09-20 22:06:39,d5a6a3d4-c58a-44e7-a055-e43163416658,Participante 1,sesion_guiada,0.4001,0.4798,derecha
2026-09-20 22:06:41,d5a6a3d4-c58a-44e7-a055-e43163416658,Participante 1,sesion_guiada,0.5182,0.4125,derecha
2026-09-20 22:06:42,d5a6a3d4-c58a-44e7-a055-e43163416658,Participante 1,sesion_guiada,0.3920,0.4567,izquierda
2026-09-20 22:06:43,d5a6a3d4-c58a-44e7-a055-e43163416658,Participante 1,sesion_guiada,0.4728,0.4672,derecha
2026-09-20 22:06:44,d5a6a3d4-c58a-44e7-a055-e43163416658,Participante 1,sesion_guiada,0.5183,0.4684,izquierda
2026-09-20 22:06:45,d5a6a3d4-c58a-44e7-a055-e43163416658,Participante 1,sesion_guiada,0.3594,0.4776,derecha
2026-09-20 22:06:46,d5a6a3d4-c58a-44e7-a055-e43163416658,Participante 1,sesion_guiada,0.5261,0.4849,izquierda
2026-09-20 22:06:48,d5a6a3d4-c58a-44e7-a055-e43163416658,Participante 1,sesion_guiada,0.3415,0.4876,derecha
2026-09-20 22:06:49,d5a6a3d4-c58a-44e7-a055-e43163416658,Participante 1,sesion_guiada,0.5203,0.4582,derecha
2026-09-20 22:06:50,d5a6a3d4-c58a-44e7-a055-e43163416658,Participante 1,sesion_guiada,0.4979,0.4476,derecha
2026-09-20 22:06:51,d5a6a3d4-c58a-44e7-a055-e43163416658,Participante 1,sesion_guiada,0.4965,0.4687,derecha
2026-09-20 22:06:52,d5a6a3d4-c58a-44e7-a055-e43163416658,Participante 1,sesion_guiada,0.4846,0.4681,derecha
2026-09-20 22:06:53,d5a6a3d4-c58a-44e7-a055-e43163416658,Participante 1,sesion_guiada,0.4410,0.4415,derecha
2026-09-20 22:06:55,d5a6a3d4-c58a-44e7-a055-e43163416658,Participante 1,sesion_guiada,0.4755,0.4597,derecha
2026-09-20 22:06:56,d5a6a3d4-c58a-44e7-a055-e43163416658,Participante 1,sesion_guiada,0.5042,0.4533,derecha
2026-09-20 22:06:57,d5a6a3d4-c58a-44e7-a055-e43163416658,Participante 1,sesion_guiada,0.4864,0.4624,izquierda
2026-09-20 22:06:58,d5a6a3d4-c58a-44e7-a055-e43163416658,Participante 1,sesion_guiada,0.4876,0.4549,derecha
2026-09-20 22:06:59,d5a6a3d4-c58a-44e7-a055-e43163416658,Participante 1,sesion_guiada,0.5123,0.4634,izquierda
2026-09-20 22:07:00,d5a6a3d4-c58a-44e7-a055-e43163416658,Participante 1,sesion_guiada,0.5406,0.4824,izquierda
2026-09-20 22:07:02,d5a6a3d4-c58a-44e7-a055-e43163416658,Participante 1,sesion_guiada,0.5010,0.4582,izquierda
2026-09-20 22:07:03,d5a6a3d4-c58a-44e7-a055-e43163416658,Participante 1,sesion_guiada,0.5446,0.4642,izquierda
2026-09-20 22:07:04,d5a6a3d4-c58a-44e7-a055-e43163416658,Participante 1,sesion_guiada,0.5020,0.4610,izquierda
2026-09-20 22:07:05,d5a6a3d4-c58a-44e7-a055-e43163416658,Participante 1,sesion_guiada,0.5259,0.4579,izquierda
2026-09-20 22:07:06,d5a6a3d4-c58a-44e7-a055-e43163416658,Participante 1,sesion_guiada,0.5289,0.4685,izquierda
2026-09-20 22:07:07,d5a6a3d4-c58a-44e7-a055-e43163416658,Participante 1,sesion_guiada,0.5317,0.4656,izquierda
2026-09-20 22:07:09,d5a6a3d4-c58a-44e7-a055-e43163416658,Participante 1,sesion_guiada,0.5152,0.4735,izquierda
2026-09-20 22:07:10,d5a6a3d4-c58a-44e7-a055-e43163416658,Participante 1,sesion_guiada,0.4361,0.4663,derecha
2026-09-20 22:07:11,d5a6a3d4-c58a-44e7-a055-e43163416658,Participante 1,sesion_guiada,0.4621,0.4519,derecha
2026-09-20 22:07:12,d5a6a3d4-c58a-44e7-a055-e43163416658,Participante 1,sesion_guiada,0.4600,0.4538,derecha
2026-09-20 22:07:13,d5a6a3d4-c58a-44e7-a055-e43163416658,Participante 1,sesion_guiada,0.4667,0.4392,derecha
2026-09-20 22:07:14,d5a6a3d4-c58a-44e7-a055-e43163416658,Participante 1,sesion_guiada,0.4675,0.4545,derecha
2026-09-20 22:07:16,d5a6a3d4-c58a-44e7-a055-e43163416658,Participante 1,sesion_guiada,0.4615,0.4525,derecha
2026-09-20 22:07:17,d5a6a3d4-c58a-44e7-a055-e43163416658,Participante 1,sesion_guiada,0.4645,0.4614,derecha
2026-09-20 22:07:18,d5a6a3d4-c58a-44e7-a055-e43163416658,Participante 1,sesion_guiada,0.4632,0.4585,derecha
2026-09-20 22:07:19,d5a6a3d4-c58a-44e7-a055-e43163416658,Participante 1,sesion_guiada,0.4543,0.4409,derecha
2026-09-20 22:07:20,d5a6a3d4-c58a-44e7-a055-e43163416658,Participante 1,sesion_guiada,0.4637,0.4472,derecha
2026-09-20 22:07:21,d5a6a3d4-c58a-44e7-a055-e43163416658,Participante 1,sesion_guiada,0.4378,0.4504,derecha
2026-09-20 22:07:23,d5a6a3d4-c58a-44e7-a055-e43163416658,Participante 1,sesion_guiada,0.4699,0.4452,derecha
2026-09-20 22:07:24,d5a6a3d4-c58a-44e7-a055-e43163416658,Participante 1,sesion_guiada,0.4855,0.4594,derecha
2026-09-20 22:07:25,d5a6a3d4-c58a-44e7-a055-e43163416658,Participante 1,sesion_guiada,0.5233,0.4809,izquierda
2026-09-20 22:07:26,d5a6a3d4-c58a-44e7-a055-e43163416658,Participante 1,sesion_guiada,0.5082,0.4877,derecha
2026-09-20 22:07:27,d5a6a3d4-c58a-44e7-a055-e43163416658,Participante 1,sesion_guiada,0.4774,0.4500,izquierda
2026-09-20 22:07:28,d5a6a3d4-c58a-44e7-a055-e43163416658,Participante 1,sesion_guiada,0.5512,0.4928,izquierda
2026-09-20 22:07:30,d5a6a3d4-c58a-44e7-a055-e43163416658,Participante 1,sesion_guiada,0.4587,0.4074,derecha
2026-09-20 22:07:31,d5a6a3d4-c58a-44e7-a055-e43163416658,Participante 1,sesion_guiada,0.5153,0.4485,izquierda
2026-09-20 22:07:32,d5a6a3d4-c58a-44e7-a055-e43163416658,Participante 1,sesion_guiada,0.5102,0.4470,izquierda
2026-09-20 22:07:33,d5a6a3d4-c58a-44e7-a055-e43163416658,Participante 1,sesion_guiada,0.5416,0.4515,izquierda
2026-09-20 22:07:34,d5a6a3d4-c58a-44e7-a055-e43163416658,Participante 1,sesion_guiada,0.5462,0.4451,izquierda
2026-09-20 22:07:35,d5a6a3d4-c58a-44e7-a055-e43163416658,Participante 1,sesion_guiada,0.5213,0.4638,izquierda
2026-09-20 22:07:37,d5a6a3d4-c58a-44e7-a055-e43163416658,Participante 1,sesion_guiada,0.5220,0.4746,izquierda
2026-09-20 22:07:38,d5a6a3d4-c58a-44e7-a055-e43163416658,Participante 1,sesion_guiada,0.5434,0.4900,izquierda
2026-09-20 22:07:39,d5a6a3d4-c58a-44e7-a055-e43163416658,Participante 1,sesion_guiada,0.5317,0.4650,izquierda
2026-09-20 22:07:40,d5a6a3d4-c58a-44e7-a055-e43163416658,Participante 1,sesion_guiada,0.5126,0.4545,izquierda
2026-09-20 22:07:41,d5a6a3d4-c58a-44e7-a055-e43163416658,Participante 1,sesion_guiada,0.4610,0.4347,derecha
2026-09-20 22:07:42,d5a6a3d4-c58a-44e7-a055-e43163416658,Participante 1,sesion_guiada,0.5021,0.4554,izquierda
2026-09-20 22:07:44,d5a6a3d4-c58a-44e7-a055-e43163416658,Participante 1,sesion_guiada,0.4646,0.4482,derecha
2026-09-20 22:07:45,d5a6a3d4-c58a-44e7-a055-e43163416658,Participante 1,sesion_guiada,0.5087,0.4644,derecha
2026-09-20 22:07:46,d5a6a3d4-c58a-44e7-a055-e43163416658,Participante 1,sesion_guiada,0.5248,0.4775,izquierda
2026-09-20 22:07:47,d5a6a3d4-c58a-44e7-a055-e43163416658,Participante 1,sesion_guiada,0.5147,0.4748,izquierda
2026-09-20 22:07:48,d5a6a3d4-c58a-44e7-a055-e43163416658,Participante 1,sesion_guiada,0.5113,0.4510,izquierda
2026-09-20 22:07:49,d5a6a3d4-c58a-44e7-a055-e43163416658,Participante 1,sesion_guiada,0.4496,0.4425,derecha
2026-09-20 22:07:51,d5a6a3d4-c58a-44e7-a055-e43163416658,Participante 1,sesion_guiada,0.4331,0.4215,derecha
2026-09-20 22:07:52,d5a6a3d4-c58a-44e7-a055-e43163416658,Participante 1,sesion_guiada,0.3575,0.4443,derecha
2026-09-20 22:07:53,d5a6a3d4-c58a-44e7-a055-e43163416658,Participante 1,sesion_guiada,0.4719,0.4512,derecha
2026-09-20 22:07:54,d5a6a3d4-c58a-44e7-a055-e43163416658,Participante 1,sesion_guiada,0.5286,0.4571,izquierda
2026-09-20 22:07:55,d5a6a3d4-c58a-44e7-a055-e43163416658,Participante 1,sesion_guiada,0.4545,0.4549,derecha
2026-09-20 22:07:56,d5a6a3d4-c58a-44e7-a055-e43163416658,Participante 1,sesion_guiada,0.4427,0.4529,derecha
2026-09-20 22:07:58,d5a6a3d4-c58a-44e7-a055-e43163416658,Participante 1,sesion_guiada,0.4456,0.4455,derecha
2026-09-20 22:07:59,d5a6a3d4-c58a-44e7-a055-e43163416658,Participante 1,sesion_guiada,0.3535,0.4713,derecha
2026-09-20 22:08:00,d5a6a3d4-c58a-44e7-a055-e43163416658,Participante 1,sesion_guiada,0.4298,0.4539,derecha
2026-09-20 22:08:01,d5a6a3d4-c58a-44e7-a055-e43163416658,Participante 1,sesion_guiada,0.5249,0.4756,izquierda
2026-09-20 22:08:02,d5a6a3d4-c58a-44e7-a055-e43163416658,Participante 1,sesion_guiada,0.5162,0.4737,izquierda
2026-09-20 22:08:03,d5a6a3d4-c58a-44e7-a055-e43163416658,Participante 1,sesion_guiada,0.4942,0.4668,izquierda
2026-09-20 22:08:05,d5a6a3d4-c58a-44e7-a055-e43163416658,Participante 1,sesion_guiada,0.5252,0.4652,izquierda
2026-09-20 22:08:06,d5a6a3d4-c58a-44e7-a055-e43163416658,Participante 1,sesion_guiada,0.4988,0.4850,izquierda
2026-09-20 22:08:07,d5a6a3d4-c58a-44e7-a055-e43163416658,Participante 1,sesion_guiada,0.5013,0.4553,derecha
2026-09-20 22:08:08,d5a6a3d4-c58a-44e7-a055-e43163416658,Participante 1,sesion_guiada,0.5220,0.4545,izquierda
2026-09-20 22:08:09,d5a6a3d4-c58a-44e7-a055-e43163416658,Participante 1,sesion_guiada,0.5187,0.4546,izquierda
2026-09-20 22:08:10,d5a6a3d4-c58a-44e7-a055-e43163416658,Participante 1,sesion_guiada,0.5243,0.4752,izquierda
2026-09-20 22:08:12,d5a6a3d4-c58a-44e7-a055-e43163416658,Participante 1,sesion_guiada,0.5134,0.4444,izquierda
2026-09-20 22:08:13,d5a6a3d4-c58a-44e7-a055-e43163416658,Participante 1,sesion_guiada,0.4878,0.4479,izquierda
2026-09-20 22:08:14,d5a6a3d4-c58a-44e7-a055-e43163416658,Participante 1,sesion_guiada,0.4405,0.4638,derecha
2026-09-20 22:08:15,d5a6a3d4-c58a-44e7-a055-e43163416658,Participante 1,sesion_guiada,0.4634,0.4359,derecha
2026-09-20 22:08:16,d5a6a3d4-c58a-44e7-a055-e43163416658,Participante 1,sesion_guiada,0.5030,0.4570,izquierda
2026-09-20 22:08:18,d5a6a3d4-c58a-44e7-a055-e43163416658,Participante 1,sesion_guiada,0.4770,0.4469,derecha
2026-09-20 22:08:19,d5a6a3d4-c58a-44e7-a055-e43163416658,Participante 1,sesion_guiada,0.4863,0.4542,izquierda
2026-09-20 22:08:20,d5a6a3d4-c58a-44e7-a055-e43163416658,Participante 1,sesion_guiada,0.4557,0.4542,derecha
2026-09-20 22:08:21,d5a6a3d4-c58a-44e7-a055-e43163416658,Participante 1,sesion_guiada,0.4882,0.4688,derecha
2026-09-20 22:08:22,d5a6a3d4-c58a-44e7-a055-e43163416658,Participante 1,sesion_guiada,0.5255,0.4629,izquierda
2026-09-20 22:08:23,d5a6a3d4-c58a-44e7-a055-e43163416658,Participante 1,sesion_guiada,0.5033,0.4532,izquierda
2026-09-20 22:08:25,d5a6a3d4-c58a-44e7-a055-e43163416658,Participante 1,sesion_guiada,0.5140,0.4246,derecha
2026-09-20 22:08:26,d5a6a3d4-c58a-44e7-a055-e43163416658,Participante 1,sesion_guiada,0.5046,0.4566,izquierda
2026-09-20 22:08:27,d5a6a3d4-c58a-44e7-a055-e43163416658,Participante 1,sesion_guiada,0.5001,0.4410,izquierda
2026-09-20 22:08:28,d5a6a3d4-c58a-44e7-a055-e43163416658,Participante 1,sesion_guiada,0.5094,0.4605,izquierda
2026-09-20 22:08:29,d5a6a3d4-c58a-44e7-a055-e43163416658,Participante 1,sesion_guiada,0.4817,0.4653,izquierda
2026-09-20 22:08:30,d5a6a3d4-c58a-44e7-a055-e43163416658,Participante 1,sesion_guiada,0.3966,0.4731,izquierda
2026-09-20 22:08:31,d5a6a3d4-c58a-44e7-a055-e43163416658,Participante 1,sesion_guiada,0.5208,0.4822,izquierda
2026-09-20 22:08:33,d5a6a3d4-c58a-44e7-a055-e43163416658,Participante 1,sesion_guiada,0.5037,0.2877,izquierda
2026-09-20 22:08:34,d5a6a3d4-c58a-44e7-a055-e43163416658,Participante 1,sesion_guiada,0.4890,0.4304,derecha
2026-09-20 22:08:35,d5a6a3d4-c58a-44e7-a055-e43163416658,Participante 1,sesion_guiada,0.5003,0.4754,izquierda
2026-09-20 22:08:36,d5a6a3d4-c58a-44e7-a055-e43163416658,Participante 1,sesion_guiada,0.5269,0.4629,izquierda
2026-09-20 22:08:37,d5a6a3d4-c58a-44e7-a055-e43163416658,Participante 1,sesion_guiada,0.4140,0.4573,derecha
2026-09-20 22:08:39,d5a6a3d4-c58a-44e7-a055-e43163416658,Participante 1,sesion_guiada,0.4929,0.4507,izquierda
2026-09-20 22:08:40,d5a6a3d4-c58a-44e7-a055-e43163416658,Participante 1,sesion_guiada,0.5483,0.4728,izquierda
2026-09-20 22:08:41,d5a6a3d4-c58a-44e7-a055-e43163416658,Participante 1,sesion_guiada,0.4759,0.4614,derecha
2026-09-20 22:08:42,d5a6a3d4-c58a-44e7-a055-e43163416658,Participante 1,sesion_guiada,0.5008,0.3639,izquierda
2026-09-20 22:08:43,d5a6a3d4-c58a-44e7-a055-e43163416658,Participante 1,sesion_guiada,0.5144,0.4665,izquierda
2026-09-20 22:08:44,d5a6a3d4-c58a-44e7-a055-e43163416658,Participante 1,sesion_guiada,0.5105,0.4749,izquierda
2026-09-20 22:08:46,d5a6a3d4-c58a-44e7-a055-e43163416658,Participante 1,sesion_guiada,0.4661,0.4444,derecha
2026-09-20 22:08:47,d5a6a3d4-c58a-44e7-a055-e43163416658,Participante 1,sesion_guiada,0.5117,0.4721,izquierda
2026-09-20 22:08:48,d5a6a3d4-c58a-44e7-a055-e43163416658,Participante 1,sesion_guiada,0.5276,0.4963,izquierda
2026-09-20 22:08:49,d5a6a3d4-c58a-44e7-a055-e43163416658,Participante 1,sesion_guiada,0.5237,0.4982,izquierda
2026-09-20 22:08:50,d5a6a3d4-c58a-44e7-a055-e43163416658,Participante 1,sesion_guiada,0.5343,0.4877,izquierda
2026-09-20 22:08:51,d5a6a3d4-c58a-44e7-a055-e43163416658,Participante 1,sesion_guiada,0.5434,0.4923,izquierda
2026-09-20 22:08:53,d5a6a3d4-c58a-44e7-a055-e43163416658,Participante 1,sesion_guiada,0.4654,0.4627,derecha
2026-09-20 22:08:54,d5a6a3d4-c58a-44e7-a055-e43163416658,Participante 1,sesion_guiada,0.5300,0.4840,izquierda
2026-09-20 22:08:55,d5a6a3d4-c58a-44e7-a055-e43163416658,Participante 1,sesion_guiada,0.4652,0.4859,derecha
2026-09-20 22:08:56,d5a6a3d4-c58a-44e7-a055-e43163416658,Participante 1,sesion_guiada,0.4524,0.4649,derecha
2026-09-20 22:08:57,d5a6a3d4-c58a-44e7-a055-e43163416658,Participante 1,sesion_guiada,0.5287,0.4747,derecha
2026-09-20 22:08:58,d5a6a3d4-c58a-44e7-a055-e43163416658,Participante 1,sesion_guiada,0.5510,0.4877,izquierda
2026-09-20 22:09:00,d5a6a3d4-c58a-44e7-a055-e43163416658,Participante 1,sesion_guiada,0.4611,0.4741,derecha
2026-09-20 22:09:01,d5a6a3d4-c58a-44e7-a055-e43163416658,Participante 1,sesion_guiada,0.5460,0.4912,izquierda
2026-09-20 22:09:02,d5a6a3d4-c58a-44e7-a055-e43163416658,Participante 1,sesion_guiada,0.4434,0.4600,derecha
2026-09-20 22:09:03,d5a6a3d4-c58a-44e7-a055-e43163416658,Participante 1,sesion_guiada,0.5189,0.4776,izquierda
2026-09-20 22:09:04,d5a6a3d4-c58a-44e7-a055-e43163416658,Participante 1,sesion_guiada,0.5526,0.4930,izquierda
2026-09-20 22:09:05,d5a6a3d4-c58a-44e7-a055-e43163416658,Participante 1,sesion_guiada,0.4433,0.4687,derecha
2026-09-20 22:09:07,d5a6a3d4-c58a-44e7-a055-e43163416658,Participante 1,sesion_guiada,0.4782,0.4749,izquierda
2026-09-20 22:09:08,d5a6a3d4-c58a-44e7-a055-e43163416658,Participante 1,sesion_guiada,0.4673,0.4568,derecha
2026-09-20 22:09:09,d5a6a3d4-c58a-44e7-a055-e43163416658,Participante 1,sesion_guiada,0.4622,0.4636,derecha
2026-09-20 22:09:10,d5a6a3d4-c58a-44e7-a055-e43163416658,Participante 1,sesion_guiada,0.4542,0.4605,derecha
2026-09-20 22:09:11,d5a6a3d4-c58a-44e7-a055-e43163416658,Participante 1,sesion_guiada,0.4466,0.4594,derecha
2026-09-20 22:09:12,d5a6a3d4-c58a-44e7-a055-e43163416658,Participante 1,sesion_guiada,0.4355,0.4792,derecha
2026-09-20 22:09:14,d5a6a3d4-c58a-44e7-a055-e43163416658,Participante 1,sesion_guiada,0.4368,0.4563,derecha
2026-09-20 22:09:15,d5a6a3d4-c58a-44e7-a055-e43163416658,Participante 1,sesion_guiada,0.5337,0.4975,derecha
2026-09-20 22:09:16,d5a6a3d4-c58a-44e7-a055-e43163416658,Participante 1,sesion_guiada,0.4222,0.4791,derecha
2026-09-20 22:09:17,d5a6a3d4-c58a-44e7-a055-e43163416658,Participante 1,sesion_guiada,0.4918,0.4606,derecha
2026-09-20 22:09:18,d5a6a3d4-c58a-44e7-a055-e43163416658,Participante 1,sesion_guiada,0.4654,0.4582,derecha
2026-09-20 22:09:19,d5a6a3d4-c58a-44e7-a055-e43163416658,Participante 1,sesion_guiada,0.4538,0.4646,derecha
2026-09-20 22:09:21,d5a6a3d4-c58a-44e7-a055-e43163416658,Participante 1,sesion_guiada,0.4658,0.4967,derecha
2026-09-20 22:09:22,d5a6a3d4-c58a-44e7-a055-e43163416658,Participante 1,sesion_guiada,0.4551,0.4645,derecha
2026-09-20 22:09:23,d5a6a3d4-c58a-44e7-a055-e43163416658,Participante 1,sesion_guiada,0.5395,0.4804,izquierda
2026-09-20 22:09:24,d5a6a3d4-c58a-44e7-a055-e43163416658,Participante 1,sesion_guiada,0.5385,0.4837,izquierda
2026-09-20 22:09:25,d5a6a3d4-c58a-44e7-a055-e43163416658,Participante 1,sesion_guiada,0.4643,0.4520,derecha
2026-09-20 22:09:26,d5a6a3d4-c58a-44e7-a055-e43163416658,Participante 1,sesion_guiada,0.4603,0.4667,derecha
2026-09-20 22:09:28,d5a6a3d4-c58a-44e7-a055-e43163416658,Participante 1,sesion_guiada,0.4632,0.4747,izquierda
2026-09-20 22:09:29,d5a6a3d4-c58a-44e7-a055-e43163416658,Participante 1,sesion_guiada,0.4391,0.4728,derecha
2026-09-20 22:09:30,d5a6a3d4-c58a-44e7-a055-e43163416658,Participante 1,sesion_guiada,0.4743,0.4639,derecha
2026-09-20 22:09:31,d5a6a3d4-c58a-44e7-a055-e43163416658,Participante 1,sesion_guiada,0.4570,0.4592,derecha
2026-09-20 22:09:32,d5a6a3d4-c58a-44e7-a055-e43163416658,Participante 1,sesion_guiada,0.4572,0.4446,derecha
2026-09-20 22:09:33,d5a6a3d4-c58a-44e7-a055-e43163416658,Participante 1,sesion_guiada,0.4587,0.4599,derecha
2026-09-20 22:09:35,d5a6a3d4-c58a-44e7-a055-e43163416658,Participante 1,sesion_guiada,0.5310,0.4682,izquierda
2026-09-20 22:09:36,d5a6a3d4-c58a-44e7-a055-e43163416658,Participante 1,sesion_guiada,0.5342,0.4876,izquierda
2026-09-20 22:09:37,d5a6a3d4-c58a-44e7-a055-e43163416658,Participante 1,sesion_guiada,0.4464,0.4575,derecha
2026-09-20 22:09:38,d5a6a3d4-c58a-44e7-a055-e43163416658,Participante 1,sesion_guiada,0.4598,0.4510,derecha
2026-09-20 22:09:39,d5a6a3d4-c58a-44e7-a055-e43163416658,Participante 1,sesion_guiada,0.5295,0.4686,izquierda
2026-09-20 22:09:40,d5a6a3d4-c58a-44e7-a055-e43163416658,Participante 1,sesion_guiada,0.5360,0.4783,izquierda
2026-09-20 22:09:42,d5a6a3d4-c58a-44e7-a055-e43163416658,Participante 1,sesion_guiada,0.4438,0.4696,derecha
2026-09-20 22:09:43,d5a6a3d4-c58a-44e7-a055-e43163416658,Participante 1,sesion_guiada,0.5355,0.4722,izquierda
2026-09-20 22:09:44,d5a6a3d4-c58a-44e7-a055-e43163416658,Participante 1,sesion_guiada,0.4624,0.4672,izquierda
2026-09-20 22:09:45,d5a6a3d4-c58a-44e7-a055-e43163416658,Participante 1,sesion_guiada,0.4580,0.4620,derecha
2026-09-20 22:09:46,d5a6a3d4-c58a-44e7-a055-e43163416658,Participante 1,sesion_guiada,0.4633,0.4546,derecha
2026-09-20 22:09:47,d5a6a3d4-c58a-44e7-a055-e43163416658,Participante 1,sesion_guiada,0.4669,0.4763,derecha
2026-09-20 22:09:49,d5a6a3d4-c58a-44e7-a055-e43163416658,Participante 1,sesion_guiada,0.5352,0.4885,izquierda
2026-09-20 22:09:50,d5a6a3d4-c58a-44e7-a055-e43163416658,Participante 1,sesion_guiada,0.5291,0.4712,izquierda
2026-09-20 22:09:51,d5a6a3d4-c58a-44e7-a055-e43163416658,Participante 1,sesion_guiada,0.5486,0.4767,izquierda
2026-09-20 22:09:52,d5a6a3d4-c58a-44e7-a055-e43163416658,Participante 1,sesion_guiada,0.4550,0.4624,derecha
2026-09-20 22:09:53,d5a6a3d4-c58a-44e7-a055-e43163416658,Participante 1,sesion_guiada,0.4419,0.4456,derecha
2026-09-20 22:09:54,d5a6a3d4-c58a-44e7-a055-e43163416658,Participante 1,sesion_guiada,0.4598,0.4529,derecha
2026-09-20 22:09:56,d5a6a3d4-c58a-44e7-a055-e43163416658,Participante 1,sesion_guiada,0.4544,0.4573,derecha
2026-09-20 22:09:57,d5a6a3d4-c58a-44e7-a055-e43163416658,Participante 1,sesion_guiada,0.4645,0.4877,derecha
2026-09-20 22:09:58,d5a6a3d4-c58a-44e7-a055-e43163416658,Participante 1,sesion_guiada,0.4545,0.4806,derecha
2026-09-20 22:09:59,d5a6a3d4-c58a-44e7-a055-e43163416658,Participante 1,sesion_guiada,0.5317,0.4676,izquierda
2026-09-20 22:10:00,d5a6a3d4-c58a-44e7-a055-e43163416658,Participante 1,sesion_guiada,0.4570,0.4682,derecha
2026-09-20 22:10:01,d5a6a3d4-c58a-44e7-a055-e43163416658,Participante 1,sesion_guiada,0.4672,0.4504,derecha
2026-09-20 22:10:03,d5a6a3d4-c58a-44e7-a055-e43163416658,Participante 1,sesion_guiada,0.5414,0.4926,izquierda
2026-09-20 22:10:04,d5a6a3d4-c58a-44e7-a055-e43163416658,Participante 1,sesion_guiada,0.4422,0.4688,derecha
2026-09-20 22:10:05,d5a6a3d4-c58a-44e7-a055-e43163416658,Participante 1,sesion_guiada,0.4226,0.4783,derecha
2026-09-20 22:10:06,d5a6a3d4-c58a-44e7-a055-e43163416658,Participante 1,sesion_guiada,0.4594,0.4696,derecha
2026-09-20 22:10:07,d5a6a3d4-c58a-44e7-a055-e43163416658,Participante 1,sesion_guiada,0.4658,0.4282,derecha
2026-09-20 22:10:08,d5a6a3d4-c58a-44e7-a055-e43163416658,Participante 1,sesion_guiada,0.5425,0.5065,izquierda
2026-09-20 22:10:10,d5a6a3d4-c58a-44e7-a055-e43163416658,Participante 1,sesion_guiada,0.4392,0.4703,derecha
2026-09-20 22:10:11,d5a6a3d4-c58a-44e7-a055-e43163416658,Participante 1,sesion_guiada,0.4489,0.4594,derecha
2026-09-20 22:10:12,d5a6a3d4-c58a-44e7-a055-e43163416658,Participante 1,sesion_guiada,0.4422,0.4748,derecha
2026-09-20 22:10:13,d5a6a3d4-c58a-44e7-a055-e43163416658,Participante 1,sesion_guiada,0.4686,0.4635,izquierda
2026-09-20 22:10:14,d5a6a3d4-c58a-44e7-a055-e43163416658,Participante 1,sesion_guiada,0.4661,0.4542,derecha
2026-09-20 22:10:15,d5a6a3d4-c58a-44e7-a055-e43163416658,Participante 1,sesion_guiada,0.4620,0.4535,derecha
2026-09-20 22:10:17,d5a6a3d4-c58a-44e7-a055-e43163416658,Participante 1,sesion_guiada,0.4632,0.4643,derecha
2026-09-20 22:10:18,d5a6a3d4-c58a-44e7-a055-e43163416658,Participante 1,sesion_guiada,0.4707,0.4692,derecha
2026-09-20 22:10:19,d5a6a3d4-c58a-44e7-a055-e43163416658,Participante 1,sesion_guiada,0.4590,0.4459,derecha
2026-09-20 22:10:20,d5a6a3d4-c58a-44e7-a055-e43163416658,Participante 1,sesion_guiada,0.4457,0.4640,derecha
2026-09-20 22:10:21,d5a6a3d4-c58a-44e7-a055-e43163416658,Participante 1,sesion_guiada,0.5112,0.4489,derecha
2026-09-20 22:10:22,d5a6a3d4-c58a-44e7-a055-e43163416658,Participante 1,sesion_guiada,0.4383,0.4642,derecha
2026-09-20 22:10:24,d5a6a3d4-c58a-44e7-a055-e43163416658,Participante 1,sesion_guiada,0.5034,0.4674,izquierda
2026-09-20 22:10:25,d5a6a3d4-c58a-44e7-a055-e43163416658,Participante 1,sesion_guiada,0.4479,0.4689,derecha
2026-09-20 22:10:26,d5a6a3d4-c58a-44e7-a055-e43163416658,Participante 1,sesion_guiada,0.4420,0.4675,derecha
2026-09-20 22:10:27,d5a6a3d4-c58a-44e7-a055-e43163416658,Participante 1,sesion_guiada,0.4202,0.4696,derecha
2026-09-20 22:10:28,d5a6a3d4-c58a-44e7-a055-e43163416658,Participante 1,sesion_guiada,0.4604,0.4623,derecha
2026-09-20 22:10:29,d5a6a3d4-c58a-44e7-a055-e43163416658,Participante 1,sesion_guiada,0.4047,0.4675,derecha
2026-09-20 22:10:31,d5a6a3d4-c58a-44e7-a055-e43163416658,Participante 1,sesion_guiada,0.4656,0.4540,derecha
2026-09-20 22:10:32,d5a6a3d4-c58a-44e7-a055-e43163416658,Participante 1,sesion_guiada,0.4634,0.4458,derecha
2026-09-20 22:10:33,d5a6a3d4-c58a-44e7-a055-e43163416658,Participante 1,sesion_guiada,0.4578,0.4338,derecha
2026-09-20 22:10:34,d5a6a3d4-c58a-44e7-a055-e43163416658,Participante 1,sesion_guiada,0.4416,0.4586,derecha
2026-09-20 22:10:35,d5a6a3d4-c58a-44e7-a055-e43163416658,Participante 1,sesion_guiada,0.5375,0.4884,izquierda
2026-09-20 22:10:36,d5a6a3d4-c58a-44e7-a055-e43163416658,Participante 1,sesion_guiada,0.5303,0.4568,izquierda
2026-09-20 22:10:38,d5a6a3d4-c58a-44e7-a055-e43163416658,Participante 1,sesion_guiada,0.4711,0.4528,derecha
2026-09-20 22:10:39,d5a6a3d4-c58a-44e7-a055-e43163416658,Participante 1,sesion_guiada,0.4653,0.4459,derecha
2026-09-20 22:10:40,d5a6a3d4-c58a-44e7-a055-e43163416658,Participante 1,sesion_guiada,0.4456,0.4563,derecha
2026-09-20 22:10:41,d5a6a3d4-c58a-44e7-a055-e43163416658,Participante 1,sesion_guiada,0.4488,0.4699,derecha
2026-09-20 22:10:42,d5a6a3d4-c58a-44e7-a055-e43163416658,Participante 1,sesion_guiada,0.4547,0.4597,derecha
2026-09-20 22:10:43,d5a6a3d4-c58a-44e7-a055-e43163416658,Participante 1,sesion_guiada,0.4331,0.4689,derecha
2026-09-20 22:10:45,d5a6a3d4-c58a-44e7-a055-e43163416658,Participante 1,sesion_guiada,0.4427,0.4637,derecha
2026-09-20 22:10:46,d5a6a3d4-c58a-44e7-a055-e43163416658,Participante 1,sesion_guiada,0.4595,0.4523,derecha
2026-09-20 22:10:47,d5a6a3d4-c58a-44e7-a055-e43163416658,Participante 1,sesion_guiada,0.4503,0.4596,derecha
2026-09-20 22:10:48,d5a6a3d4-c58a-44e7-a055-e43163416658,Participante 1,sesion_guiada,0.4385,0.4687,derecha
2026-09-20 22:10:49,d5a6a3d4-c58a-44e7-a055-e43163416658,Participante 1,sesion_guiada,0.5187,0.4547,izquierda
2026-09-20 22:10:50,d5a6a3d4-c58a-44e7-a055-e43163416658,Participante 1,sesion_guiada,0.5139,0.4553,izquierda
2026-09-20 22:10:52,d5a6a3d4-c58a-44e7-a055-e43163416658,Participante 1,sesion_guiada,0.4662,0.4572,derecha
2026-09-20 22:10:53,d5a6a3d4-c58a-44e7-a055-e43163416658,Participante 1,sesion_guiada,0.5494,0.4871,izquierda
2026-09-20 22:10:54,d5a6a3d4-c58a-44e7-a055-e43163416658,Participante 1,sesion_guiada,0.5247,0.4709,izquierda
2026-09-20 22:10:55,d5a6a3d4-c58a-44e7-a055-e43163416658,Participante 1,sesion_guiada,0.5426,0.4894,izquierda
2026-09-20 22:10:56,d5a6a3d4-c58a-44e7-a055-e43163416658,Participante 1,sesion_guiada,0.5445,0.4923,izquierda
2026-09-20 22:10:57,d5a6a3d4-c58a-44e7-a055-e43163416658,Participante 1,sesion_guiada,0.5419,0.4672,izquierda
2026-09-20 22:10:59,d5a6a3d4-c58a-44e7-a055-e43163416658,Participante 1,sesion_guiada,0.5225,0.4679,izquierda
2026-09-20 22:11:00,d5a6a3d4-c58a-44e7-a055-e43163416658,Participante 1,sesion_guiada,0.5416,0.4857,izquierda
2026-09-20 22:11:01,d5a6a3d4-c58a-44e7-a055-e43163416658,Participante 1,sesion_guiada,0.5260,0.4592,izquierda
2026-09-20 22:11:02,d5a6a3d4-c58a-44e7-a055-e43163416658,Participante 1,sesion_guiada,0.5538,0.4760,izquierda
2026-09-20 22:11:03,d5a6a3d4-c58a-44e7-a055-e43163416658,Participante 1,sesion_guiada,0.5374,0.4758,izquierda
2026-09-20 22:11:04,d5a6a3d4-c58a-44e7-a055-e43163416658,Participante 1,sesion_guiada,0.4491,0.4496,derecha
2026-09-20 22:11:06,d5a6a3d4-c58a-44e7-a055-e43163416658,Participante 1,sesion_guiada,0.4523,0.4018,derecha
2026-09-20 22:11:07,d5a6a3d4-c58a-44e7-a055-e43163416658,Participante 1,sesion_guiada,0.4606,0.4349,derecha
2026-09-20 22:11:08,d5a6a3d4-c58a-44e7-a055-e43163416658,Participante 1,sesion_guiada,0.4851,0.4646,derecha
2026-09-20 22:11:09,d5a6a3d4-c58a-44e7-a055-e43163416658,Participante 1,sesion_guiada,0.4657,0.4424,derecha
2026-09-20 22:11:10,d5a6a3d4-c58a-44e7-a055-e43163416658,Participante 1,sesion_guiada,0.4606,0.4549,derecha
2026-09-20 22:11:11,d5a6a3d4-c58a-44e7-a055-e43163416658,Participante 1,sesion_guiada,0.4719,0.4587,derecha
2026-09-20 22:11:13,d5a6a3d4-c58a-44e7-a055-e43163416658,Participante 1,sesion_guiada,0.4590,0.4379,derecha
2026-09-20 22:11:14,d5a6a3d4-c58a-44e7-a055-e43163416658,Participante 1,sesion_guiada,0.4756,0.4470,derecha
2026-09-20 22:11:15,d5a6a3d4-c58a-44e7-a055-e43163416658,Participante 1,sesion_guiada,0.4580,0.4394,derecha
2026-09-20 22:11:16,d5a6a3d4-c58a-44e7-a055-e43163416658,Participante 1,sesion_guiada,0.4644,0.4463,derecha
2026-09-20 22:11:17,d5a6a3d4-c58a-44e7-a055-e43163416658,Participante 1,sesion_guiada,0.4967,0.4314,derecha
2026-09-20 22:11:18,d5a6a3d4-c58a-44e7-a055-e43163416658,Participante 1,sesion_guiada,0.5296,0.4595,izquierda
2026-09-20 22:11:20,d5a6a3d4-c58a-44e7-a055-e43163416658,Participante 1,sesion_guiada,0.4861,0.4514,derecha
2026-09-20 22:11:21,d5a6a3d4-c58a-44e7-a055-e43163416658,Participante 1,sesion_guiada,0.5134,0.4724,izquierda
2026-09-20 22:11:22,d5a6a3d4-c58a-44e7-a055-e43163416658,Participante 1,sesion_guiada,0.5164,0.4808,izquierda
2026-09-20 22:11:23,d5a6a3d4-c58a-44e7-a055-e43163416658,Participante 1,sesion_guiada,0.4277,0.4389,izquierda
2026-09-20 22:11:24,d5a6a3d4-c58a-44e7-a055-e43163416658,Participante 1,sesion_guiada,0.5124,0.4551,izquierda
2026-09-20 22:11:25,d5a6a3d4-c58a-44e7-a055-e43163416658,Participante 1,sesion_guiada,0.5377,0.4634,derecha
2026-09-20 22:11:27,d5a6a3d4-c58a-44e7-a055-e43163416658,Participante 1,sesion_guiada,0.4858,0.4828,izquierda
2026-09-20 22:11:28,d5a6a3d4-c58a-44e7-a055-e43163416658,Participante 1,sesion_guiada,0.4728,0.3025,izquierda
2026-09-20 22:11:29,d5a6a3d4-c58a-44e7-a055-e43163416658,Participante 1,sesion_guiada,0.5032,0.4625,izquierda
2026-09-20 22:11:30,d5a6a3d4-c58a-44e7-a055-e43163416658,Participante 1,sesion_guiada,0.5359,0.4569,izquierda
2026-09-20 22:11:31,d5a6a3d4-c58a-44e7-a055-e43163416658,Participante 1,sesion_guiada,0.4635,0.4684,derecha
2026-09-20 22:11:32,d5a6a3d4-c58a-44e7-a055-e43163416658,Participante 1,sesion_guiada,0.5288,0.4859,izquierda
2026-09-20 22:11:34,d5a6a3d4-c58a-44e7-a055-e43163416658,Participante 1,sesion_guiada,0.4950,0.4533,derecha
2026-09-20 22:11:35,d5a6a3d4-c58a-44e7-a055-e43163416658,Participante 1,sesion_guiada,0.4616,0.4359,derecha
2026-09-20 22:11:36,d5a6a3d4-c58a-44e7-a055-e43163416658,Participante 1,sesion_guiada,0.5147,0.4679,izquierda
2026-09-20 22:11:37,d5a6a3d4-c58a-44e7-a055-e43163416658,Participante 1,sesion_guiada,0.5049,0.4528,izquierda
2026-09-20 22:11:38,d5a6a3d4-c58a-44e7-a055-e43163416658,Participante 1,sesion_guiada,0.5055,0.4454,derecha
2026-09-20 22:11:39,d5a6a3d4-c58a-44e7-a055-e43163416658,Participante 1,sesion_guiada,0.4974,0.4511,izquierda
2026-09-20 22:11:41,d5a6a3d4-c58a-44e7-a055-e43163416658,Participante 1,sesion_guiada,0.5161,0.4545,izquierda
2026-09-20 22:11:42,d5a6a3d4-c58a-44e7-a055-e43163416658,Participante 1,sesion_guiada,0.4981,0.4790,izquierda
2026-09-20 22:11:43,d5a6a3d4-c58a-44e7-a055-e43163416658,Participante 1,sesion_guiada,0.4929,0.4365,derecha
2026-09-20 22:11:44,d5a6a3d4-c58a-44e7-a055-e43163416658,Participante 1,sesion_guiada,0.5190,0.4543,derecha
2026-09-20 22:11:45,d5a6a3d4-c58a-44e7-a055-e43163416658,Participante 1,sesion_guiada,0.5299,0.4832,izquierda
2026-09-20 22:11:46,d5a6a3d4-c58a-44e7-a055-e43163416658,Participante 1,sesion_guiada,0.5176,0.4643,izquierda
2026-09-20 22:11:48,d5a6a3d4-c58a-44e7-a055-e43163416658,Participante 1,sesion_guiada,0.5464,0.4898,izquierda
2026-09-20 22:11:49,d5a6a3d4-c58a-44e7-a055-e43163416658,Participante 1,sesion_guiada,0.4578,0.4351,derecha
2026-09-20 22:11:50,d5a6a3d4-c58a-44e7-a055-e43163416658,Participante 1,sesion_guiada,0.4539,0.4508,derecha
2026-09-20 22:11:51,d5a6a3d4-c58a-44e7-a055-e43163416658,Participante 1,sesion_guiada,0.4585,0.4419,derecha
2026-09-20 22:11:52,d5a6a3d4-c58a-44e7-a055-e43163416658,Participante 1,sesion_guiada,0.4617,0.4642,derecha
2026-09-20 22:11:53,d5a6a3d4-c58a-44e7-a055-e43163416658,Participante 1,sesion_guiada,0.4609,0.4543,derecha
2026-09-20 22:11:55,d5a6a3d4-c58a-44e7-a055-e43163416658,Participante 1,sesion_guiada,0.4574,0.4482,derecha
2026-09-20 22:11:56,d5a6a3d4-c58a-44e7-a055-e43163416658,Participante 1,sesion_guiada,0.4515,0.4513,derecha
2026-09-20 22:11:57,d5a6a3d4-c58a-44e7-a055-e43163416658,Participante 1,sesion_guiada,0.4590,0.4544,derecha
2026-09-20 22:11:58,d5a6a3d4-c58a-44e7-a055-e43163416658,Participante 1,sesion_guiada,0.4667,0.4493,derecha
2026-09-20 22:11:59,d5a6a3d4-c58a-44e7-a055-e43163416658,Participante 1,sesion_guiada,0.4591,0.4616,derecha
2026-09-20 22:12:00,d5a6a3d4-c58a-44e7-a055-e43163416658,Participante 1,sesion_guiada,0.4487,0.4577,derecha
2026-09-20 22:12:02,d5a6a3d4-c58a-44e7-a055-e43163416658,Participante 1,sesion_guiada,0.5342,0.4578,izquierda
2026-09-20 22:12:03,d5a6a3d4-c58a-44e7-a055-e43163416658,Participante 1,sesion_guiada,0.5282,0.4771,izquierda
2026-09-20 22:12:04,d5a6a3d4-c58a-44e7-a055-e43163416658,Participante 1,sesion_guiada,0.4695,0.4526,derecha
2026-09-20 22:12:05,d5a6a3d4-c58a-44e7-a055-e43163416658,Participante 1,sesion_guiada,0.4694,0.4522,derecha
2026-09-20 22:12:06,d5a6a3d4-c58a-44e7-a055-e43163416658,Participante 1,sesion_guiada,0.3515,0.4581,derecha
2026-09-20 22:12:07,d5a6a3d4-c58a-44e7-a055-e43163416658,Participante 1,sesion_guiada,0.5197,0.4501,izquierda
2026-09-20 22:12:09,d5a6a3d4-c58a-44e7-a055-e43163416658,Participante 1,sesion_guiada,0.5041,0.4572,izquierda
2026-09-20 22:12:10,d5a6a3d4-c58a-44e7-a055-e43163416658,Participante 1,sesion_guiada,0.4245,0.4612,derecha
2026-09-20 22:12:11,d5a6a3d4-c58a-44e7-a055-e43163416658,Participante 1,sesion_guiada,0.5186,0.4646,izquierda
2026-09-20 22:12:12,d5a6a3d4-c58a-44e7-a055-e43163416658,Participante 1,sesion_guiada,0.5529,0.4642,izquierda
2026-09-20 22:12:13,d5a6a3d4-c58a-44e7-a055-e43163416658,Participante 1,sesion_guiada,0.5268,0.4355,izquierda
2026-09-20 22:12:14,d5a6a3d4-c58a-44e7-a055-e43163416658,Participante 1,sesion_guiada,0.5451,0.4741,izquierda
2026-09-20 22:12:16,d5a6a3d4-c58a-44e7-a055-e43163416658,Participante 1,sesion_guiada,0.5456,0.4377,izquierda
2026-09-20 22:12:17,d5a6a3d4-c58a-44e7-a055-e43163416658,Participante 1,sesion_guiada,0.5470,0.4554,izquierda
2026-09-20 22:12:18,d5a6a3d4-c58a-44e7-a055-e43163416658,Participante 1,sesion_guiada,0.5431,0.4525,izquierda
2026-09-20 22:12:19,d5a6a3d4-c58a-44e7-a055-e43163416658,Participante 1,sesion_guiada,0.5394,0.4634,izquierda
2026-09-20 22:12:20,d5a6a3d4-c58a-44e7-a055-e43163416658,Participante 1,sesion_guiada,0.5490,0.4380,izquierda
2026-09-20 22:12:21,d5a6a3d4-c58a-44e7-a055-e43163416658,Participante 1,sesion_guiada,0.5274,0.4171,izquierda
2026-09-20 22:12:23,d5a6a3d4-c58a-44e7-a055-e43163416658,Participante 1,sesion_guiada,0.5441,0.4424,izquierda
2026-09-20 22:12:24,d5a6a3d4-c58a-44e7-a055-e43163416658,Participante 1,sesion_guiada,0.4763,0.4163,derecha
2026-09-20 22:12:25,d5a6a3d4-c58a-44e7-a055-e43163416658,Participante 1,sesion_guiada,0.5542,0.4686,izquierda
2026-09-20 22:12:26,d5a6a3d4-c58a-44e7-a055-e43163416658,Participante 1,sesion_guiada,0.5188,0.4556,izquierda
2026-09-20 22:12:27,d5a6a3d4-c58a-44e7-a055-e43163416658,Participante 1,sesion_guiada,0.5197,0.4529,izquierda
2026-09-20 22:12:28,d5a6a3d4-c58a-44e7-a055-e43163416658,Participante 1,sesion_guiada,0.5575,0.4846,izquierda
2026-09-20 22:12:30,d5a6a3d4-c58a-44e7-a055-e43163416658,Participante 1,sesion_guiada,0.5438,0.4657,izquierda
2026-09-20 22:12:31,d5a6a3d4-c58a-44e7-a055-e43163416658,Participante 1,sesion_guiada,0.5456,0.4908,izquierda
2026-09-20 22:12:32,d5a6a3d4-c58a-44e7-a055-e43163416658,Participante 1,sesion_guiada,0.5247,0.4680,izquierda
2026-09-20 22:12:33,d5a6a3d4-c58a-44e7-a055-e43163416658,Participante 1,sesion_guiada,0.5115,0.4478,derecha
2026-09-20 22:12:34,d5a6a3d4-c58a-44e7-a055-e43163416658,Participante 1,sesion_guiada,0.5451,0.4726,izquierda
2026-09-20 22:12:35,d5a6a3d4-c58a-44e7-a055-e43163416658,Participante 1,sesion_guiada,0.5523,0.4929,izquierda
2026-09-20 22:12:37,d5a6a3d4-c58a-44e7-a055-e43163416658,Participante 1,sesion_guiada,0.5226,0.4738,izquierda
2026-09-20 22:12:38,d5a6a3d4-c58a-44e7-a055-e43163416658,Participante 1,sesion_guiada,0.5115,0.4551,izquierda
2026-09-20 22:12:39,d5a6a3d4-c58a-44e7-a055-e43163416658,Participante 1,sesion_guiada,0.4690,0.4468,derecha
2026-09-20 22:12:40,d5a6a3d4-c58a-44e7-a055-e43163416658,Participante 1,sesion_guiada,0.4402,0.4481,derecha
2026-09-20 22:12:41,d5a6a3d4-c58a-44e7-a055-e43163416658,Participante 1,sesion_guiada,0.5477,0.4819,izquierda
2026-09-20 22:12:42,d5a6a3d4-c58a-44e7-a055-e43163416658,Participante 1,sesion_guiada,0.5198,0.4697,izquierda
2026-09-20 22:12:44,d5a6a3d4-c58a-44e7-a055-e43163416658,Participante 1,sesion_guiada,0.4951,0.4595,izquierda
2026-09-20 22:12:45,d5a6a3d4-c58a-44e7-a055-e43163416658,Participante 1,sesion_guiada,0.4985,0.4211,derecha
2026-09-20 22:12:46,d5a6a3d4-c58a-44e7-a055-e43163416658,Participante 1,sesion_guiada,0.4375,0.4539,derecha
2026-09-20 22:12:47,d5a6a3d4-c58a-44e7-a055-e43163416658,Participante 1,sesion_guiada,0.4409,0.4497,derecha
2026-09-20 22:12:48,d5a6a3d4-c58a-44e7-a055-e43163416658,Participante 1,sesion_guiada,0.5378,0.4751,izquierda
2026-09-20 22:12:49,d5a6a3d4-c58a-44e7-a055-e43163416658,Participante 1,sesion_guiada,0.5223,0.4625,izquierda
2026-09-20 22:12:51,d5a6a3d4-c58a-44e7-a055-e43163416658,Participante 1,sesion_guiada,0.5095,0.4711,izquierda
2026-09-20 22:12:52,d5a6a3d4-c58a-44e7-a055-e43163416658,Participante 1,sesion_guiada,0.4768,0.4617,derecha
2026-09-20 22:12:53,d5a6a3d4-c58a-44e7-a055-e43163416658,Participante 1,sesion_guiada,0.4542,0.4480,derecha
2026-09-20 22:12:54,d5a6a3d4-c58a-44e7-a055-e43163416658,Participante 1,sesion_guiada,0.4913,0.4673,derecha
2026-09-20 22:12:55,d5a6a3d4-c58a-44e7-a055-e43163416658,Participante 1,sesion_guiada,0.5285,0.5049,izquierda
2026-09-20 22:12:56,d5a6a3d4-c58a-44e7-a055-e43163416658,Participante 1,sesion_guiada,0.5269,0.4859,izquierda
2026-09-20 22:12:58,d5a6a3d4-c58a-44e7-a055-e43163416658,Participante 1,sesion_guiada,0.4762,0.4874,derecha
2026-09-20 22:12:59,d5a6a3d4-c58a-44e7-a055-e43163416658,Participante 1,sesion_guiada,0.5509,0.4909,izquierda
2026-09-20 22:13:00,d5a6a3d4-c58a-44e7-a055-e43163416658,Participante 1,sesion_guiada,0.5284,0.4844,izquierda
2026-09-20 22:13:01,d5a6a3d4-c58a-44e7-a055-e43163416658,Participante 1,sesion_guiada,0.5265,0.4746,izquierda
2026-09-20 22:13:02,d5a6a3d4-c58a-44e7-a055-e43163416658,Participante 1,sesion_guiada,0.5120,0.4710,izquierda
2026-09-20 22:13:03,d5a6a3d4-c58a-44e7-a055-e43163416658,Participante 1,sesion_guiada,0.5206,0.4636,izquierda
2026-09-20 22:13:05,d5a6a3d4-c58a-44e7-a055-e43163416658,Participante 1,sesion_guiada,0.5232,0.4590,izquierda
2026-09-20 22:13:06,d5a6a3d4-c58a-44e7-a055-e43163416658,Participante 1,sesion_guiada,0.5210,0.4701,izquierda
2026-09-20 22:13:07,d5a6a3d4-c58a-44e7-a055-e43163416658,Participante 1,sesion_guiada,0.5221,0.4682,izquierda
2026-09-20 22:13:08,d5a6a3d4-c58a-44e7-a055-e43163416658,Participante 1,sesion_guiada,0.4985,0.4792,izquierda
2026-09-20 22:13:09,d5a6a3d4-c58a-44e7-a055-e43163416658,Participante 1,sesion_guiada,0.4971,0.4459,izquierda
2026-09-20 22:13:10,d5a6a3d4-c58a-44e7-a055-e43163416658,Participante 1,sesion_guiada,0.4885,0.4759,izquierda
2026-09-20 22:13:12,d5a6a3d4-c58a-44e7-a055-e43163416658,Participante 1,sesion_guiada,0.5062,0.4602,izquierda
2026-09-20 22:13:13,d5a6a3d4-c58a-44e7-a055-e43163416658,Participante 1,sesion_guiada,0.3721,0.4732,derecha
2026-09-20 22:13:14,d5a6a3d4-c58a-44e7-a055-e43163416658,Participante 1,sesion_guiada,0.3648,0.4666,izquierda
2026-09-20 22:13:15,d5a6a3d4-c58a-44e7-a055-e43163416658,Participante 1,sesion_guiada,0.5012,0.4551,derecha
2026-09-20 22:13:16,d5a6a3d4-c58a-44e7-a055-e43163416658,Participante 1,sesion_guiada,0.5032,0.4279,izquierda
2026-09-20 22:13:17,d5a6a3d4-c58a-44e7-a055-e43163416658,Participante 1,sesion_guiada,0.4224,0.4666,derecha
2026-09-20 22:13:19,d5a6a3d4-c58a-44e7-a055-e43163416658,Participante 1,sesion_guiada,0.4573,0.4670,derecha
2026-09-20 22:13:20,d5a6a3d4-c58a-44e7-a055-e43163416658,Participante 1,sesion_guiada,0.4972,0.4637,izquierda
2026-09-20 22:13:21,d5a6a3d4-c58a-44e7-a055-e43163416658,Participante 1,sesion_guiada,0.4938,0.4471,izquierda
2026-09-20 22:13:22,d5a6a3d4-c58a-44e7-a055-e43163416658,Participante 1,sesion_guiada,0.5115,0.4551,izquierda
2026-09-20 22:13:23,d5a6a3d4-c58a-44e7-a055-e43163416658,Participante 1,sesion_guiada,0.4848,0.4441,izquierda
2026-09-20 22:13:24,d5a6a3d4-c58a-44e7-a055-e43163416658,Participante 1,sesion_guiada,0.5239,0.4721,izquierda
2026-09-20 22:13:26,d5a6a3d4-c58a-44e7-a055-e43163416658,Participante 1,sesion_guiada,0.5091,0.4632,izquierda
2026-09-20 22:13:27,d5a6a3d4-c58a-44e7-a055-e43163416658,Participante 1,sesion_guiada,0.4693,0.2111,derecha
2026-09-20 22:13:28,d5a6a3d4-c58a-44e7-a055-e43163416658,Participante 1,sesion_guiada,0.5046,0.4480,izquierda
2026-09-20 22:13:29,d5a6a3d4-c58a-44e7-a055-e43163416658,Participante 1,sesion_guiada,0.5157,0.4777,izquierda
2026-09-20 22:13:30,d5a6a3d4-c58a-44e7-a055-e43163416658,Participante 1,sesion_guiada,0.5459,0.4839,izquierda
2026-09-20 22:13:31,d5a6a3d4-c58a-44e7-a055-e43163416658,Participante 1,sesion_guiada,0.5323,0.4719,izquierda
2026-09-20 22:13:33,d5a6a3d4-c58a-44e7-a055-e43163416658,Participante 1,sesion_guiada,0.4331,0.4630,derecha
2026-09-20 22:13:34,d5a6a3d4-c58a-44e7-a055-e43163416658,Participante 1,sesion_guiada,0.4251,0.4666,derecha
2026-09-20 22:13:35,d5a6a3d4-c58a-44e7-a055-e43163416658,Participante 1,sesion_guiada,0.4707,0.4590,derecha
2026-09-20 22:13:36,d5a6a3d4-c58a-44e7-a055-e43163416658,Participante 1,sesion_guiada,0.4818,0.4331,derecha
2026-09-20 22:13:37,d5a6a3d4-c58a-44e7-a055-e43163416658,Participante 1,sesion_guiada,0.4777,0.4527,derecha
2026-09-20 22:13:39,d5a6a3d4-c58a-44e7-a055-e43163416658,Participante 1,sesion_guiada,0.4841,0.4559,derecha
2026-09-20 22:13:40,d5a6a3d4-c58a-44e7-a055-e43163416658,Participante 1,sesion_guiada,0.4728,0.4516,derecha
2026-09-20 22:13:41,d5a6a3d4-c58a-44e7-a055-e43163416658,Participante 1,sesion_guiada,0.4857,0.4660,derecha
2026-09-20 22:13:42,d5a6a3d4-c58a-44e7-a055-e43163416658,Participante 1,sesion_guiada,0.4806,0.4608,derecha
2026-09-20 22:13:43,d5a6a3d4-c58a-44e7-a055-e43163416658,Participante 1,sesion_guiada,0.4984,0.4262,derecha
2026-09-20 22:13:44,d5a6a3d4-c58a-44e7-a055-e43163416658,Participante 1,sesion_guiada,0.4716,0.4487,derecha
2026-09-20 22:13:45,d5a6a3d4-c58a-44e7-a055-e43163416658,Participante 1,sesion_guiada,0.4766,0.4507,derecha
2026-09-20 22:13:47,d5a6a3d4-c58a-44e7-a055-e43163416658,Participante 1,sesion_guiada,0.4728,0.4524,derecha
2026-09-20 22:13:48,d5a6a3d4-c58a-44e7-a055-e43163416658,Participante 1,sesion_guiada,0.4701,0.4494,derecha
2026-09-20 22:13:49,d5a6a3d4-c58a-44e7-a055-e43163416658,Participante 1,sesion_guiada,0.5153,0.4743,izquierda
2026-09-20 22:13:50,d5a6a3d4-c58a-44e7-a055-e43163416658,Participante 1,sesion_guiada,0.5402,0.4739,izquierda
2026-09-20 22:13:51,d5a6a3d4-c58a-44e7-a055-e43163416658,Participante 1,sesion_guiada,0.5285,0.4793,izquierda
2026-09-20 22:13:52,d5a6a3d4-c58a-44e7-a055-e43163416658,Participante 1,sesion_guiada,0.4053,0.4639,derecha
2026-09-20 22:13:54,d5a6a3d4-c58a-44e7-a055-e43163416658,Participante 1,sesion_guiada,0.4661,0.4351,derecha
2026-09-20 22:13:55,d5a6a3d4-c58a-44e7-a055-e43163416658,Participante 1,sesion_guiada,0.4654,0.4428,derecha
2026-09-20 22:13:56,d5a6a3d4-c58a-44e7-a055-e43163416658,Participante 1,sesion_guiada,0.4672,0.4574,derecha
2026-09-20 22:13:57,d5a6a3d4-c58a-44e7-a055-e43163416658,Participante 1,sesion_guiada,0.4990,0.4451,derecha
2026-09-20 22:13:58,d5a6a3d4-c58a-44e7-a055-e43163416658,Participante 1,sesion_guiada,0.4690,0.4513,derecha
2026-09-20 22:14:00,d5a6a3d4-c58a-44e7-a055-e43163416658,Participante 1,sesion_guiada,0.4587,0.4567,derecha
2026-09-20 22:14:01,d5a6a3d4-c58a-44e7-a055-e43163416658,Participante 1,sesion_guiada,0.4697,0.4507,derecha
2026-09-20 22:14:02,d5a6a3d4-c58a-44e7-a055-e43163416658,Participante 1,sesion_guiada,0.4589,0.4240,derecha
2026-09-20 22:14:03,d5a6a3d4-c58a-44e7-a055-e43163416658,Participante 1,sesion_guiada,0.4747,0.4468,derecha
2026-09-20 22:14:04,d5a6a3d4-c58a-44e7-a055-e43163416658,Participante 1,sesion_guiada,0.4644,0.4372,derecha
2026-09-20 22:14:05,d5a6a3d4-c58a-44e7-a055-e43163416658,Participante 1,sesion_guiada,0.4705,0.4515,derecha
2026-09-20 22:14:07,d5a6a3d4-c58a-44e7-a055-e43163416658,Participante 1,sesion_guiada,0.5083,0.4324,izquierda
2026-09-20 22:14:08,d5a6a3d4-c58a-44e7-a055-e43163416658,Participante 1,sesion_guiada,0.5229,0.4729,derecha
2026-09-20 22:14:09,d5a6a3d4-c58a-44e7-a055-e43163416658,Participante 1,sesion_guiada,0.4897,0.4636,izquierda
2026-09-20 22:14:10,d5a6a3d4-c58a-44e7-a055-e43163416658,Participante 1,sesion_guiada,0.5391,0.4879,izquierda
2026-09-20 22:14:11,d5a6a3d4-c58a-44e7-a055-e43163416658,Participante 1,sesion_guiada,0.5006,0.4409,izquierda
2026-09-20 22:14:12,d5a6a3d4-c58a-44e7-a055-e43163416658,Participante 1,sesion_guiada,0.5385,0.4768,izquierda
2026-09-20 22:14:14,d5a6a3d4-c58a-44e7-a055-e43163416658,Participante 1,sesion_guiada,0.5251,0.4670,izquierda
2026-09-20 22:14:15,d5a6a3d4-c58a-44e7-a055-e43163416658,Participante 1,sesion_guiada,0.5118,0.3132,izquierda
2026-09-20 22:14:16,d5a6a3d4-c58a-44e7-a055-e43163416658,Participante 1,sesion_guiada,0.5357,0.4687,izquierda
2026-09-20 22:14:17,d5a6a3d4-c58a-44e7-a055-e43163416658,Participante 1,sesion_guiada,0.5336,0.4605,izquierda
2026-09-20 22:14:18,d5a6a3d4-c58a-44e7-a055-e43163416658,Participante 1,sesion_guiada,0.5076,0.4687,izquierda
2026-09-20 22:14:19,d5a6a3d4-c58a-44e7-a055-e43163416658,Participante 1,sesion_guiada,0.5263,0.4612,izquierda
2026-09-20 22:14:21,d5a6a3d4-c58a-44e7-a055-e43163416658,Participante 1,sesion_guiada,0.5048,0.4629,izquierda
2026-09-20 22:14:22,d5a6a3d4-c58a-44e7-a055-e43163416658,Participante 1,sesion_guiada,0.5026,0.4541,izquierda
2026-09-20 22:14:23,d5a6a3d4-c58a-44e7-a055-e43163416658,Participante 1,sesion_guiada,0.4931,0.4202,derecha
2026-09-20 22:14:24,d5a6a3d4-c58a-44e7-a055-e43163416658,Participante 1,sesion_guiada,0.5293,0.4514,izquierda
2026-09-20 22:14:25,d5a6a3d4-c58a-44e7-a055-e43163416658,Participante 1,sesion_guiada,0.5022,0.4664,izquierda
2026-09-20 22:14:26,d5a6a3d4-c58a-44e7-a055-e43163416658,Participante 1,sesion_guiada,0.5462,0.4585,izquierda
2026-09-20 22:14:28,d5a6a3d4-c58a-44e7-a055-e43163416658,Participante 1,sesion_guiada,0.5149,0.4409,izquierda
2026-09-20 22:14:29,d5a6a3d4-c58a-44e7-a055-e43163416658,Participante 1,sesion_guiada,0.5134,0.4613,izquierda
2026-09-20 22:14:30,d5a6a3d4-c58a-44e7-a055-e43163416658,Participante 1,sesion_guiada,0.5042,0.4598,izquierda
2026-09-20 22:14:31,d5a6a3d4-c58a-44e7-a055-e43163416658,Participante 1,sesion_guiada,0.5360,0.4478,izquierda
2026-09-20 22:14:32,d5a6a3d4-c58a-44e7-a055-e43163416658,Participante 1,sesion_guiada,0.4994,0.4587,derecha
2026-09-20 22:14:33,d5a6a3d4-c58a-44e7-a055-e43163416658,Participante 1,sesion_guiada,0.5260,0.4654,izquierda
2026-09-20 22:14:35,d5a6a3d4-c58a-44e7-a055-e43163416658,Participante 1,sesion_guiada,0.5421,0.4858,izquierda
2026-09-20 22:14:36,d5a6a3d4-c58a-44e7-a055-e43163416658,Participante 1,sesion_guiada,0.5372,0.4785,izquierda
2026-09-20 22:14:37,d5a6a3d4-c58a-44e7-a055-e43163416658,Participante 1,sesion_guiada,0.5298,0.4706,derecha
2026-09-20 22:14:38,d5a6a3d4-c58a-44e7-a055-e43163416658,Participante 1,sesion_guiada,0.4629,0.4672,derecha
2026-09-20 22:14:39,d5a6a3d4-c58a-44e7-a055-e43163416658,Participante 1,sesion_guiada,0.5588,0.4844,izquierda
2026-09-20 22:14:40,d5a6a3d4-c58a-44e7-a055-e43163416658,Participante 1,sesion_guiada,0.4597,0.4551,derecha
2026-09-20 22:14:42,d5a6a3d4-c58a-44e7-a055-e43163416658,Participante 1,sesion_guiada,0.5331,0.4733,derecha
2026-09-20 22:14:43,d5a6a3d4-c58a-44e7-a055-e43163416658,Participante 1,sesion_guiada,0.5266,0.4702,izquierda
2026-09-20 22:14:44,d5a6a3d4-c58a-44e7-a055-e43163416658,Participante 1,sesion_guiada,0.4489,0.4234,derecha
2026-09-20 22:14:45,d5a6a3d4-c58a-44e7-a055-e43163416658,Participante 1,sesion_guiada,0.4567,0.4647,derecha
2026-09-20 22:14:46,d5a6a3d4-c58a-44e7-a055-e43163416658,Participante 1,sesion_guiada,0.4424,0.4632,derecha
2026-09-20 22:14:47,d5a6a3d4-c58a-44e7-a055-e43163416658,Participante 1,sesion_guiada,0.4616,0.4619,derecha
2026-09-20 22:14:49,d5a6a3d4-c58a-44e7-a055-e43163416658,Participante 1,sesion_guiada,0.4715,0.4422,derecha
2026-09-20 22:14:50,d5a6a3d4-c58a-44e7-a055-e43163416658,Participante 1,sesion_guiada,0.4690,0.3693,derecha
2026-09-20 22:14:51,d5a6a3d4-c58a-44e7-a055-e43163416658,Participante 1,sesion_guiada,0.4612,0.4657,derecha
2026-09-20 22:14:52,d5a6a3d4-c58a-44e7-a055-e43163416658,Participante 1,sesion_guiada,0.4303,0.4533,derecha
2026-09-20 22:14:53,d5a6a3d4-c58a-44e7-a055-e43163416658,Participante 1,sesion_guiada,0.4928,0.4367,derecha
2026-09-20 22:14:54,d5a6a3d4-c58a-44e7-a055-e43163416658,Participante 1,sesion_guiada,0.4665,0.4348,derecha
2026-09-20 22:14:56,d5a6a3d4-c58a-44e7-a055-e43163416658,Participante 1,sesion_guiada,0.4668,0.4358,derecha
2026-09-20 22:14:57,d5a6a3d4-c58a-44e7-a055-e43163416658,Participante 1,sesion_guiada,0.5500,0.4691,izquierda
2026-09-20 22:14:58,d5a6a3d4-c58a-44e7-a055-e43163416658,Participante 1,sesion_guiada,0.5288,0.4674,izquierda
2026-09-20 22:14:59,d5a6a3d4-c58a-44e7-a055-e43163416658,Participante 1,sesion_guiada,0.3886,0.4579,derecha
2026-09-20 22:15:00,d5a6a3d4-c58a-44e7-a055-e43163416658,Participante 1,sesion_guiada,0.3450,0.4559,derecha
2026-09-20 22:15:01,d5a6a3d4-c58a-44e7-a055-e43163416658,Participante 1,sesion_guiada,0.3423,0.4504,derecha
2026-09-20 22:15:03,d5a6a3d4-c58a-44e7-a055-e43163416658,Participante 1,sesion_guiada,0.5195,0.4893,izquierda
2026-09-20 22:15:04,d5a6a3d4-c58a-44e7-a055-e43163416658,Participante 1,sesion_guiada,0.4411,0.4512,derecha
2026-09-20 22:15:05,d5a6a3d4-c58a-44e7-a055-e43163416658,Participante 1,sesion_guiada,0.3571,0.4533,derecha
2026-09-20 22:15:06,d5a6a3d4-c58a-44e7-a055-e43163416658,Participante 1,sesion_guiada,0.5294,0.4667,izquierda
2026-09-20 22:15:07,d5a6a3d4-c58a-44e7-a055-e43163416658,Participante 1,sesion_guiada,0.4175,0.4591,derecha
2026-09-20 22:15:08,d5a6a3d4-c58a-44e7-a055-e43163416658,Participante 1,sesion_guiada,0.3669,0.4630,derecha
2026-09-20 22:15:10,d5a6a3d4-c58a-44e7-a055-e43163416658,Participante 1,sesion_guiada,0.5348,0.4841,derecha
2026-09-20 22:15:11,d5a6a3d4-c58a-44e7-a055-e43163416658,Participante 1,sesion_guiada,0.3502,0.4550,derecha
2026-09-20 22:15:12,d5a6a3d4-c58a-44e7-a055-e43163416658,Participante 1,sesion_guiada,0.5628,0.4821,izquierda
2026-09-20 22:15:13,d5a6a3d4-c58a-44e7-a055-e43163416658,Participante 1,sesion_guiada,0.5272,0.4778,izquierda
2026-09-20 22:15:14,d5a6a3d4-c58a-44e7-a055-e43163416658,Participante 1,sesion_guiada,0.4488,0.4768,derecha
2026-09-20 22:15:15,d5a6a3d4-c58a-44e7-a055-e43163416658,Participante 1,sesion_guiada,0.5185,0.4530,izquierda
2026-09-20 22:15:17,d5a6a3d4-c58a-44e7-a055-e43163416658,Participante 1,sesion_guiada,0.5394,0.4829,izquierda
2026-09-20 22:15:18,d5a6a3d4-c58a-44e7-a055-e43163416658,Participante 1,sesion_guiada,0.4932,0.4378,izquierda
2026-09-20 22:15:19,d5a6a3d4-c58a-44e7-a055-e43163416658,Participante 1,sesion_guiada,0.4965,0.4709,izquierda
2026-09-20 22:15:20,d5a6a3d4-c58a-44e7-a055-e43163416658,Participante 1,sesion_guiada,0.4248,0.4394,derecha
2026-09-20 22:15:21,d5a6a3d4-c58a-44e7-a055-e43163416658,Participante 1,sesion_guiada,0.5554,0.4864,izquierda
2026-09-20 22:15:22,d5a6a3d4-c58a-44e7-a055-e43163416658,Participante 1,sesion_guiada,0.5282,0.4652,izquierda
2026-09-20 22:15:24,d5a6a3d4-c58a-44e7-a055-e43163416658,Participante 1,sesion_guiada,0.4742,0.4022,izquierda
2026-09-20 22:15:25,d5a6a3d4-c58a-44e7-a055-e43163416658,Participante 1,sesion_guiada,0.3822,0.4087,derecha
2026-09-20 22:15:26,d5a6a3d4-c58a-44e7-a055-e43163416658,Participante 1,sesion_guiada,0.5589,0.4571,izquierda
2026-09-20 22:15:27,d5a6a3d4-c58a-44e7-a055-e43163416658,Participante 1,sesion_guiada,0.5450,0.4344,izquierda
2026-09-20 22:15:28,d5a6a3d4-c58a-44e7-a055-e43163416658,Participante 1,sesion_guiada,0.5336,0.4361,izquierda
2026-09-20 22:15:29,d5a6a3d4-c58a-44e7-a055-e43163416658,Participante 1,sesion_guiada,0.5435,0.4390,izquierda
2026-09-20 22:15:31,d5a6a3d4-c58a-44e7-a055-e43163416658,Participante 1,sesion_guiada,0.5003,0.4218,izquierda
2026-09-20 22:15:32,d5a6a3d4-c58a-44e7-a055-e43163416658,Participante 1,sesion_guiada,0.5640,0.4429,izquierda
2026-09-20 22:15:33,d5a6a3d4-c58a-44e7-a055-e43163416658,Participante 1,sesion_guiada,0.5419,0.4358,izquierda
2026-09-20 22:15:34,d5a6a3d4-c58a-44e7-a055-e43163416658,Participante 1,sesion_guiada,0.5262,0.4211,izquierda
2026-09-20 22:15:35,d5a6a3d4-c58a-44e7-a055-e43163416658,Participante 1,sesion_guiada,0.5301,0.4291,izquierda
2026-09-20 22:15:36,d5a6a3d4-c58a-44e7-a055-e43163416658,Participante 1,sesion_guiada,0.4930,0.4218,izquierda
2026-09-20 22:15:38,d5a6a3d4-c58a-44e7-a055-e43163416658,Participante 1,sesion_guiada,0.5511,0.4417,izquierda
2026-09-20 22:15:39,d5a6a3d4-c58a-44e7-a055-e43163416658,Participante 1,sesion_guiada,0.4953,0.4676,izquierda
2026-09-20 22:15:40,d5a6a3d4-c58a-44e7-a055-e43163416658,Participante 1,sesion_guiada,0.5173,0.4642,izquierda
2026-09-20 22:15:41,d5a6a3d4-c58a-44e7-a055-e43163416658,Participante 1,sesion_guiada,0.5429,0.4752,izquierda
2026-09-20 22:15:42,d5a6a3d4-c58a-44e7-a055-e43163416658,Participante 1,sesion_guiada,0.5143,0.4797,izquierda
2026-09-20 22:15:43,d5a6a3d4-c58a-44e7-a055-e43163416658,Participante 1,sesion_guiada,0.5314,0.4709,izquierda
2026-09-20 22:15:45,d5a6a3d4-c58a-44e7-a055-e43163416658,Participante 1,sesion_guiada,0.4875,0.4496,derecha
2026-09-20 22:15:46,d5a6a3d4-c58a-44e7-a055-e43163416658,Participante 1,sesion_guiada,0.4814,0.4401,derecha
2026-09-20 22:15:47,d5a6a3d4-c58a-44e7-a055-e43163416658,Participante 1,sesion_guiada,0.5104,0.4832,izquierda
2026-09-20 22:15:48,d5a6a3d4-c58a-44e7-a055-e43163416658,Participante 1,sesion_guiada,0.5248,0.4633,derecha
2026-09-20 22:15:49,d5a6a3d4-c58a-44e7-a055-e43163416658,Participante 1,sesion_guiada,0.4800,0.4565,derecha
2026-09-20 22:15:50,d5a6a3d4-c58a-44e7-a055-e43163416658,Participante 1,sesion_guiada,0.4959,0.4524,izquierda
2026-09-20 22:15:52,d5a6a3d4-c58a-44e7-a055-e43163416658,Participante 1,sesion_guiada,0.4714,0.4814,derecha
2026-09-20 22:15:53,d5a6a3d4-c58a-44e7-a055-e43163416658,Participante 1,sesion_guiada,0.4604,0.4434,derecha
2026-09-20 22:15:54,d5a6a3d4-c58a-44e7-a055-e43163416658,Participante 1,sesion_guiada,0.4891,0.4536,derecha
2026-09-20 22:15:55,d5a6a3d4-c58a-44e7-a055-e43163416658,Participante 1,sesion_guiada,0.4711,0.4687,derecha
2026-09-20 22:15:56,d5a6a3d4-c58a-44e7-a055-e43163416658,Participante 1,sesion_guiada,0.5428,0.4722,izquierda
2026-09-20 22:15:57,d5a6a3d4-c58a-44e7-a055-e43163416658,Participante 1,sesion_guiada,0.4983,0.1868,izquierda
2026-09-20 22:15:59,d5a6a3d4-c58a-44e7-a055-e43163416658,Participante 1,sesion_guiada,0.5087,0.4729,izquierda
2026-09-20 22:16:00,d5a6a3d4-c58a-44e7-a055-e43163416658,Participante 1,sesion_guiada,0.5050,0.4602,izquierda
2026-09-20 22:16:01,d5a6a3d4-c58a-44e7-a055-e43163416658,Participante 1,sesion_guiada,0.4995,0.3961,derecha
2026-09-20 22:16:02,d5a6a3d4-c58a-44e7-a055-e43163416658,Participante 1,sesion_guiada,0.5150,0.4829,izquierda
2026-09-20 22:16:03,d5a6a3d4-c58a-44e7-a055-e43163416658,Participante 1,sesion_guiada,0.4811,0.3585,izquierda
2026-09-20 22:16:04,d5a6a3d4-c58a-44e7-a055-e43163416658,Participante 1,sesion_guiada,0.5083,0.4660,derecha
2026-09-20 22:16:06,d5a6a3d4-c58a-44e7-a055-e43163416658,Participante 1,sesion_guiada,0.5119,0.4316,izquierda
2026-09-20 22:16:07,d5a6a3d4-c58a-44e7-a055-e43163416658,Participante 1,sesion_guiada,0.4443,0.4092,derecha
2026-09-20 22:16:08,d5a6a3d4-c58a-44e7-a055-e43163416658,Participante 1,sesion_guiada,0.4779,0.4184,derecha
2026-09-20 22:16:09,d5a6a3d4-c58a-44e7-a055-e43163416658,Participante 1,sesion_guiada,0.4780,0.4508,izquierda
2026-09-20 22:16:10,d5a6a3d4-c58a-44e7-a055-e43163416658,Participante 1,sesion_guiada,0.4594,0.4253,derecha
2026-09-20 22:16:11,d5a6a3d4-c58a-44e7-a055-e43163416658,Participante 1,sesion_guiada,0.4712,0.4461,izquierda
2026-09-20 22:16:13,d5a6a3d4-c58a-44e7-a055-e43163416658,Participante 1,sesion_guiada,0.5285,0.4659,izquierda
2026-09-20 22:16:14,d5a6a3d4-c58a-44e7-a055-e43163416658,Participante 1,sesion_guiada,0.5023,0.4216,izquierda
2026-09-20 22:16:15,d5a6a3d4-c58a-44e7-a055-e43163416658,Participante 1,sesion_guiada,0.4853,0.3743,izquierda
2026-09-20 22:16:16,d5a6a3d4-c58a-44e7-a055-e43163416658,Participante 1,sesion_guiada,0.5157,0.4548,izquierda
2026-09-20 22:16:17,d5a6a3d4-c58a-44e7-a055-e43163416658,Participante 1,sesion_guiada,0.5031,0.4442,izquierda
2026-09-20 22:16:18,d5a6a3d4-c58a-44e7-a055-e43163416658,Participante 1,sesion_guiada,0.5045,0.3577,izquierda
2026-09-20 22:16:20,d5a6a3d4-c58a-44e7-a055-e43163416658,Participante 1,sesion_guiada,0.5112,0.4634,derecha
2026-09-20 22:16:21,d5a6a3d4-c58a-44e7-a055-e43163416658,Participante 1,sesion_guiada,0.5073,0.4604,izquierda
2026-09-20 22:16:22,d5a6a3d4-c58a-44e7-a055-e43163416658,Participante 1,sesion_guiada,0.4963,0.4259,izquierda
2026-09-20 22:16:23,d5a6a3d4-c58a-44e7-a055-e43163416658,Participante 1,sesion_guiada,0.5080,0.4493,izquierda
2026-09-20 22:16:24,d5a6a3d4-c58a-44e7-a055-e43163416658,Participante 1,sesion_guiada,0.4617,0.4441,derecha
2026-09-20 22:16:25,d5a6a3d4-c58a-44e7-a055-e43163416658,Participante 1,sesion_guiada,0.5007,0.4457,izquierda
2026-09-20 22:16:27,d5a6a3d4-c58a-44e7-a055-e43163416658,Participante 1,sesion_guiada,0.4988,0.4430,izquierda
2026-09-20 22:16:28,d5a6a3d4-c58a-44e7-a055-e43163416658,Participante 1,sesion_guiada,0.4742,0.4436,derecha
2026-09-20 22:16:29,d5a6a3d4-c58a-44e7-a055-e43163416658,Participante 1,sesion_guiada,0.5149,0.4717,derecha
2026-09-20 22:16:30,d5a6a3d4-c58a-44e7-a055-e43163416658,Participante 1,sesion_guiada,0.3511,0.4416,derecha
2026-09-20 22:16:31,d5a6a3d4-c58a-44e7-a055-e43163416658,Participante 1,sesion_guiada,0.4966,0.4543,derecha
2026-09-20 22:16:32,d5a6a3d4-c58a-44e7-a055-e43163416658,Participante 1,sesion_guiada,0.5020,0.4682,izquierda
2026-09-20 22:16:34,d5a6a3d4-c58a-44e7-a055-e43163416658,Participante 1,sesion_guiada,0.3645,0.4277,derecha
2026-09-20 22:16:35,d5a6a3d4-c58a-44e7-a055-e43163416658,Participante 1,sesion_guiada,0.5432,0.4920,izquierda
2026-09-20 22:16:36,d5a6a3d4-c58a-44e7-a055-e43163416658,Participante 1,sesion_guiada,0.5265,0.4675,izquierda
2026-09-20 22:16:37,d5a6a3d4-c58a-44e7-a055-e43163416658,Participante 1,sesion_guiada,0.4971,0.4393,izquierda
2026-09-20 22:16:38,d5a6a3d4-c58a-44e7-a055-e43163416658,Participante 1,sesion_guiada,0.5020,0.4504,derecha
2026-09-20 22:16:39,d5a6a3d4-c58a-44e7-a055-e43163416658,Participante 1,sesion_guiada,0.4852,0.4592,izquierda
2026-09-20 22:16:41,d5a6a3d4-c58a-44e7-a055-e43163416658,Participante 1,sesion_guiada,0.4843,0.4643,derecha
2026-09-20 22:16:42,d5a6a3d4-c58a-44e7-a055-e43163416658,Participante 1,sesion_guiada,0.4704,0.4468,izquierda
2026-09-20 22:16:43,d5a6a3d4-c58a-44e7-a055-e43163416658,Participante 1,sesion_guiada,0.5287,0.4739,izquierda
2026-09-20 22:16:44,d5a6a3d4-c58a-44e7-a055-e43163416658,Participante 1,sesion_guiada,0.4785,0.3930,derecha
2026-09-20 22:16:45,d5a6a3d4-c58a-44e7-a055-e43163416658,Participante 1,sesion_guiada,0.5122,0.4932,izquierda
2026-09-20 22:16:46,d5a6a3d4-c58a-44e7-a055-e43163416658,Participante 1,sesion_guiada,0.5270,0.4691,izquierda
2026-09-20 22:16:48,d5a6a3d4-c58a-44e7-a055-e43163416658,Participante 1,sesion_guiada,0.5175,0.4792,izquierda
2026-09-20 22:16:49,d5a6a3d4-c58a-44e7-a055-e43163416658,Participante 1,sesion_guiada,0.4990,0.4728,derecha
2026-09-20 22:16:50,d5a6a3d4-c58a-44e7-a055-e43163416658,Participante 1,sesion_guiada,0.5351,0.4951,izquierda
2026-09-20 22:16:51,d5a6a3d4-c58a-44e7-a055-e43163416658,Participante 1,sesion_guiada,0.4767,0.4679,izquierda
2026-09-20 22:16:52,d5a6a3d4-c58a-44e7-a055-e43163416658,Participante 1,sesion_guiada,0.5102,0.4640,derecha
2026-09-20 22:16:53,d5a6a3d4-c58a-44e7-a055-e43163416658,Participante 1,sesion_guiada,0.5124,0.4934,izquierda
2026-09-20 22:16:55,d5a6a3d4-c58a-44e7-a055-e43163416658,Participante 1,sesion_guiada,0.4812,0.3783,izquierda
2026-09-20 22:16:56,d5a6a3d4-c58a-44e7-a055-e43163416658,Participante 1,sesion_guiada,0.4444,0.4304,derecha
2026-09-20 22:16:57,d5a6a3d4-c58a-44e7-a055-e43163416658,Participante 1,sesion_guiada,0.5656,0.4898,izquierda
2026-09-20 22:16:58,d5a6a3d4-c58a-44e7-a055-e43163416658,Participante 1,sesion_guiada,0.5290,0.4733,izquierda
2026-09-20 22:16:59,d5a6a3d4-c58a-44e7-a055-e43163416658,Participante 1,sesion_guiada,0.5214,0.4527,izquierda
2026-09-20 22:17:00,d5a6a3d4-c58a-44e7-a055-e43163416658,Participante 1,sesion_guiada,0.4413,0.4479,derecha
2026-09-20 22:17:02,d5a6a3d4-c58a-44e7-a055-e43163416658,Participante 1,sesion_guiada,0.4298,0.4448,derecha
2026-09-20 22:17:03,d5a6a3d4-c58a-44e7-a055-e43163416658,Participante 1,sesion_guiada,0.5534,0.4893,izquierda
2026-09-20 22:17:04,d5a6a3d4-c58a-44e7-a055-e43163416658,Participante 1,sesion_guiada,0.5279,0.4877,izquierda
2026-09-20 22:17:05,d5a6a3d4-c58a-44e7-a055-e43163416658,Participante 1,sesion_guiada,0.4358,0.4509,derecha
2026-09-20 22:17:06,d5a6a3d4-c58a-44e7-a055-e43163416658,Participante 1,sesion_guiada,0.4183,0.4543,derecha
2026-09-20 22:17:07,d5a6a3d4-c58a-44e7-a055-e43163416658,Participante 1,sesion_guiada,0.4473,0.4472,derecha
2026-09-20 22:17:09,d5a6a3d4-c58a-44e7-a055-e43163416658,Participante 1,sesion_guiada,0.4512,0.4624,derecha
2026-09-20 22:17:10,d5a6a3d4-c58a-44e7-a055-e43163416658,Participante 1,sesion_guiada,0.4245,0.4447,derecha
2026-09-20 22:17:11,d5a6a3d4-c58a-44e7-a055-e43163416658,Participante 1,sesion_guiada,0.4540,0.4539,derecha
2026-09-20 22:17:12,d5a6a3d4-c58a-44e7-a055-e43163416658,Participante 1,sesion_guiada,0.4420,0.4287,derecha
2026-09-20 22:17:13,d5a6a3d4-c58a-44e7-a055-e43163416658,Participante 1,sesion_guiada,0.4484,0.4555,derecha
2026-09-20 22:17:14,d5a6a3d4-c58a-44e7-a055-e43163416658,Participante 1,sesion_guiada,0.4467,0.4463,derecha
2026-09-20 22:17:16,d5a6a3d4-c58a-44e7-a055-e43163416658,Participante 1,sesion_guiada,0.4420,0.4651,derecha
2026-09-20 22:17:17,d5a6a3d4-c58a-44e7-a055-e43163416658,Participante 1,sesion_guiada,0.4632,0.4451,derecha
2026-09-20 22:17:18,d5a6a3d4-c58a-44e7-a055-e43163416658,Participante 1,sesion_guiada,0.4356,0.4371,derecha
2026-09-20 22:17:19,d5a6a3d4-c58a-44e7-a055-e43163416658,Participante 1,sesion_guiada,0.4584,0.4641,derecha
2026-09-20 22:17:20,d5a6a3d4-c58a-44e7-a055-e43163416658,Participante 1,sesion_guiada,0.4558,0.4462,derecha
2026-09-20 22:17:21,d5a6a3d4-c58a-44e7-a055-e43163416658,Participante 1,sesion_guiada,0.4066,0.4381,derecha
2026-09-20 22:17:23,d5a6a3d4-c58a-44e7-a055-e43163416658,Participante 1,sesion_guiada,0.4223,0.4295,derecha
2026-09-20 22:17:24,d5a6a3d4-c58a-44e7-a055-e43163416658,Participante 1,sesion_guiada,0.4036,0.4292,derecha
2026-09-20 22:17:25,d5a6a3d4-c58a-44e7-a055-e43163416658,Participante 1,sesion_guiada,0.4638,0.4443,derecha
2026-09-20 22:17:26,d5a6a3d4-c58a-44e7-a055-e43163416658,Participante 1,sesion_guiada,0.5032,0.4511,izquierda
2026-09-20 22:17:27,d5a6a3d4-c58a-44e7-a055-e43163416658,Participante 1,sesion_guiada,0.4637,0.4532,derecha
2026-09-20 22:17:28,d5a6a3d4-c58a-44e7-a055-e43163416658,Participante 1,sesion_guiada,0.5110,0.4736,izquierda
2026-09-20 22:17:30,d5a6a3d4-c58a-44e7-a055-e43163416658,Participante 1,sesion_guiada,0.5419,0.5033,izquierda
2026-09-20 22:17:31,d5a6a3d4-c58a-44e7-a055-e43163416658,Participante 1,sesion_guiada,0.4393,0.4318,derecha
2026-09-20 22:17:32,d5a6a3d4-c58a-44e7-a055-e43163416658,Participante 1,sesion_guiada,0.4571,0.4410,derecha
2026-09-20 22:17:33,d5a6a3d4-c58a-44e7-a055-e43163416658,Participante 1,sesion_guiada,0.4458,0.4378,derecha
2026-09-20 22:17:34,d5a6a3d4-c58a-44e7-a055-e43163416658,Participante 1,sesion_guiada,0.4620,0.4533,derecha
2026-09-20 22:17:35,d5a6a3d4-c58a-44e7-a055-e43163416658,Participante 1,sesion_guiada,0.4743,0.4611,derecha
2026-09-20 22:17:37,d5a6a3d4-c58a-44e7-a055-e43163416658,Participante 1,sesion_guiada,0.4646,0.4106,derecha
2026-09-20 22:17:38,d5a6a3d4-c58a-44e7-a055-e43163416658,Participante 1,sesion_guiada,0.4431,0.4390,derecha
2026-09-20 22:17:39,d5a6a3d4-c58a-44e7-a055-e43163416658,Participante 1,sesion_guiada,0.4481,0.4298,derecha
2026-09-20 22:17:40,d5a6a3d4-c58a-44e7-a055-e43163416658,Participante 1,sesion_guiada,0.4570,0.4101,derecha
2026-09-20 22:17:41,d5a6a3d4-c58a-44e7-a055-e43163416658,Participante 1,sesion_guiada,0.4783,0.4397,derecha
2026-09-20 22:17:43,d5a6a3d4-c58a-44e7-a055-e43163416658,Participante 1,sesion_guiada,0.4868,0.5004,derecha
2026-09-20 22:17:44,d5a6a3d4-c58a-44e7-a055-e43163416658,Participante 1,sesion_guiada,0.5149,0.4626,izquierda
2026-09-20 22:17:45,d5a6a3d4-c58a-44e7-a055-e43163416658,Participante 1,sesion_guiada,0.5338,0.4916,izquierda
2026-09-20 22:17:46,d5a6a3d4-c58a-44e7-a055-e43163416658,Participante 1,sesion_guiada,0.4963,0.4448,izquierda
2026-09-20 22:17:47,d5a6a3d4-c58a-44e7-a055-e43163416658,Participante 1,sesion_guiada,0.5451,0.4755,izquierda
2026-09-20 22:17:48,d5a6a3d4-c58a-44e7-a055-e43163416658,Participante 1,sesion_guiada,0.5340,0.4897,izquierda
2026-09-20 22:17:49,d5a6a3d4-c58a-44e7-a055-e43163416658,Participante 1,sesion_guiada,0.5278,0.4655,izquierda
2026-09-20 22:17:51,d5a6a3d4-c58a-44e7-a055-e43163416658,Participante 1,sesion_guiada,0.5404,0.4889,izquierda
2026-09-20 22:17:52,d5a6a3d4-c58a-44e7-a055-e43163416658,Participante 1,sesion_guiada,0.4816,0.4633,derecha
2026-09-20 22:17:53,d5a6a3d4-c58a-44e7-a055-e43163416658,Participante 1,sesion_guiada,0.5403,0.4893,izquierda
2026-09-20 22:17:54,d5a6a3d4-c58a-44e7-a055-e43163416658,Participante 1,sesion_guiada,0.5632,0.4903,izquierda
2026-09-20 22:17:55,d5a6a3d4-c58a-44e7-a055-e43163416658,Participante 1,sesion_guiada,0.5413,0.4778,izquierda
2026-09-20 22:17:56,d5a6a3d4-c58a-44e7-a055-e43163416658,Participante 1,sesion_guiada,0.4877,0.4557,izquierda
2026-09-20 22:17:58,d5a6a3d4-c58a-44e7-a055-e43163416658,Participante 1,sesion_guiada,0.5231,0.4690,izquierda
2026-09-20 22:17:59,d5a6a3d4-c58a-44e7-a055-e43163416658,Participante 1,sesion_guiada,0.3924,0.4572,derecha
2026-09-20 22:18:00,d5a6a3d4-c58a-44e7-a055-e43163416658,Participante 1,sesion_guiada,0.5160,0.4368,izquierda
2026-09-20 22:18:01,d5a6a3d4-c58a-44e7-a055-e43163416658,Participante 1,sesion_guiada,0.5106,0.4701,izquierda
2026-09-20 22:18:02,d5a6a3d4-c58a-44e7-a055-e43163416658,Participante 1,sesion_guiada,0.5072,0.4633,izquierda
2026-09-20 22:18:03,d5a6a3d4-c58a-44e7-a055-e43163416658,Participante 1,sesion_guiada,0.5197,0.4689,izquierda
2026-09-20 22:18:05,d5a6a3d4-c58a-44e7-a055-e43163416658,Participante 1,sesion_guiada,0.4647,0.4365,derecha
2026-09-20 22:18:06,d5a6a3d4-c58a-44e7-a055-e43163416658,Participante 1,sesion_guiada,0.5003,0.4612,izquierda
2026-09-20 22:18:07,d5a6a3d4-c58a-44e7-a055-e43163416658,Participante 1,sesion_guiada,0.4360,0.4506,derecha
2026-09-20 22:18:08,d5a6a3d4-c58a-44e7-a055-e43163416658,Participante 1,sesion_guiada,0.4296,0.4523,derecha
2026-09-20 22:18:09,d5a6a3d4-c58a-44e7-a055-e43163416658,Participante 1,sesion_guiada,0.5100,0.4564,izquierda
2026-09-20 22:18:10,d5a6a3d4-c58a-44e7-a055-e43163416658,Participante 1,sesion_guiada,0.4953,0.4421,izquierda
2026-09-20 22:18:12,d5a6a3d4-c58a-44e7-a055-e43163416658,Participante 1,sesion_guiada,0.5125,0.4625,derecha
2026-09-20 22:18:13,d5a6a3d4-c58a-44e7-a055-e43163416658,Participante 1,sesion_guiada,0.4725,0.4422,izquierda
2026-09-20 22:18:14,d5a6a3d4-c58a-44e7-a055-e43163416658,Participante 1,sesion_guiada,0.4818,0.4517,derecha
2026-09-20 22:18:15,d5a6a3d4-c58a-44e7-a055-e43163416658,Participante 1,sesion_guiada,0.4990,0.4423,izquierda
2026-09-20 22:18:16,d5a6a3d4-c58a-44e7-a055-e43163416658,Participante 1,sesion_guiada,0.5319,0.4787,izquierda
2026-09-20 22:18:17,d5a6a3d4-c58a-44e7-a055-e43163416658,Participante 1,sesion_guiada,0.5286,0.4840,izquierda
2026-09-20 22:18:19,d5a6a3d4-c58a-44e7-a055-e43163416658,Participante 1,sesion_guiada,0.5384,0.4813,izquierda
2026-09-20 22:18:20,d5a6a3d4-c58a-44e7-a055-e43163416658,Participante 1,sesion_guiada,0.5390,0.4700,izquierda
2026-09-20 22:18:21,d5a6a3d4-c58a-44e7-a055-e43163416658,Participante 1,sesion_guiada,0.5117,0.4712,izquierda
2026-09-20 22:18:22,d5a6a3d4-c58a-44e7-a055-e43163416658,Participante 1,sesion_guiada,0.4882,0.4315,izquierda
2026-09-20 22:18:23,d5a6a3d4-c58a-44e7-a055-e43163416658,Participante 1,sesion_guiada,0.4241,0.4158,derecha
2026-09-20 22:18:24,d5a6a3d4-c58a-44e7-a055-e43163416658,Participante 1,sesion_guiada,0.4627,0.4274,derecha
2026-09-20 22:18:26,d5a6a3d4-c58a-44e7-a055-e43163416658,Participante 1,sesion_guiada,0.4372,0.4307,derecha
2026-09-20 22:18:27,d5a6a3d4-c58a-44e7-a055-e43163416658,Participante 1,sesion_guiada,0.4362,0.4246,derecha
2026-09-20 22:18:28,d5a6a3d4-c58a-44e7-a055-e43163416658,Participante 1,sesion_guiada,0.4596,0.4448,derecha
2026-09-20 22:18:29,d5a6a3d4-c58a-44e7-a055-e43163416658,Participante 1,sesion_guiada,0.4568,0.4203,derecha
2026-09-20 22:18:30,d5a6a3d4-c58a-44e7-a055-e43163416658,Participante 1,sesion_guiada,0.4351,0.4241,derecha
2026-09-20 22:18:31,d5a6a3d4-c58a-44e7-a055-e43163416658,Participante 1,sesion_guiada,0.4370,0.4344,derecha
2026-09-20 22:18:33,d5a6a3d4-c58a-44e7-a055-e43163416658,Participante 1,sesion_guiada,0.4594,0.4281,derecha
2026-09-20 22:18:34,d5a6a3d4-c58a-44e7-a055-e43163416658,Participante 1,sesion_guiada,0.4579,0.4451,derecha
2026-09-20 22:18:35,d5a6a3d4-c58a-44e7-a055-e43163416658,Participante 1,sesion_guiada,0.4385,0.4170,derecha
2026-09-20 22:18:36,d5a6a3d4-c58a-44e7-a055-e43163416658,Participante 1,sesion_guiada,0.4670,0.4460,derecha
2026-09-20 22:18:37,d5a6a3d4-c58a-44e7-a055-e43163416658,Participante 1,sesion_guiada,0.4881,0.4369,derecha
2026-09-20 22:18:39,d5a6a3d4-c58a-44e7-a055-e43163416658,Participante 1,sesion_guiada,0.5292,0.4696,izquierda
2026-09-20 22:18:40,d5a6a3d4-c58a-44e7-a055-e43163416658,Participante 1,sesion_guiada,0.5298,0.4651,izquierda
2026-09-20 22:18:41,d5a6a3d4-c58a-44e7-a055-e43163416658,Participante 1,sesion_guiada,0.5258,0.4922,izquierda
2026-09-20 22:18:42,d5a6a3d4-c58a-44e7-a055-e43163416658,Participante 1,sesion_guiada,0.5046,0.4642,izquierda
2026-09-20 22:18:43,d5a6a3d4-c58a-44e7-a055-e43163416658,Participante 1,sesion_guiada,0.4069,0.4425,derecha
2026-09-20 22:18:44,d5a6a3d4-c58a-44e7-a055-e43163416658,Participante 1,sesion_guiada,0.4380,0.4502,derecha
2026-09-20 22:18:45,d5a6a3d4-c58a-44e7-a055-e43163416658,Participante 1,sesion_guiada,0.4375,0.4516,derecha
2026-09-20 22:18:47,d5a6a3d4-c58a-44e7-a055-e43163416658,Participante 1,sesion_guiada,0.4587,0.4497,derecha
2026-09-20 22:18:48,d5a6a3d4-c58a-44e7-a055-e43163416658,Participante 1,sesion_guiada,0.3566,0.4540,derecha
2026-09-20 22:18:49,d5a6a3d4-c58a-44e7-a055-e43163416658,Participante 1,sesion_guiada,0.5149,0.4891,derecha
2026-09-20 22:18:50,d5a6a3d4-c58a-44e7-a055-e43163416658,Participante 1,sesion_guiada,0.4177,0.4471,derecha
2026-09-20 22:18:51,d5a6a3d4-c58a-44e7-a055-e43163416658,Participante 1,sesion_guiada,0.4229,0.4412,derecha
2026-09-20 22:18:53,d5a6a3d4-c58a-44e7-a055-e43163416658,Participante 1,sesion_guiada,0.3715,0.4467,derecha
2026-09-20 22:18:54,d5a6a3d4-c58a-44e7-a055-e43163416658,Participante 1,sesion_guiada,0.5281,0.4559,derecha
2026-09-20 22:18:55,d5a6a3d4-c58a-44e7-a055-e43163416658,Participante 1,sesion_guiada,0.4265,0.4463,derecha
2026-09-20 22:18:56,d5a6a3d4-c58a-44e7-a055-e43163416658,Participante 1,sesion_guiada,0.3526,0.4440,derecha
2026-09-20 22:18:57,d5a6a3d4-c58a-44e7-a055-e43163416658,Participante 1,sesion_guiada,0.4340,0.4381,derecha
2026-09-20 22:18:58,d5a6a3d4-c58a-44e7-a055-e43163416658,Participante 1,sesion_guiada,0.3746,0.4453,derecha
2026-09-20 22:19:00,d5a6a3d4-c58a-44e7-a055-e43163416658,Participante 1,sesion_guiada,0.4225,0.4429,derecha
2026-09-20 22:19:01,d5a6a3d4-c58a-44e7-a055-e43163416658,Participante 1,sesion_guiada,0.4677,0.4426,derecha
2026-09-20 22:19:02,d5a6a3d4-c58a-44e7-a055-e43163416658,Participante 1,sesion_guiada,0.5045,0.4682,izquierda
2026-09-20 22:19:03,d5a6a3d4-c58a-44e7-a055-e43163416658,Participante 1,sesion_guiada,0.5438,0.4696,izquierda
2026-09-20 22:19:04,d5a6a3d4-c58a-44e7-a055-e43163416658,Participante 1,sesion_guiada,0.5393,0.4564,izquierda
2026-09-20 22:19:05,d5a6a3d4-c58a-44e7-a055-e43163416658,Participante 1,sesion_guiada,0.5441,0.4491,izquierda
2026-09-20 22:19:06,d5a6a3d4-c58a-44e7-a055-e43163416658,Participante 1,sesion_guiada,0.5445,0.4447,izquierda
2026-09-20 22:19:08,d5a6a3d4-c58a-44e7-a055-e43163416658,Participante 1,sesion_guiada,0.5391,0.4338,izquierda
2026-09-20 22:19:09,d5a6a3d4-c58a-44e7-a055-e43163416658,Participante 1,sesion_guiada,0.5360,0.4268,izquierda
2026-09-20 22:19:10,d5a6a3d4-c58a-44e7-a055-e43163416658,Participante 1,sesion_guiada,0.5402,0.4323,izquierda
2026-09-20 22:19:11,d5a6a3d4-c58a-44e7-a055-e43163416658,Participante 1,sesion_guiada,0.5308,0.4420,izquierda
2026-09-20 22:19:12,d5a6a3d4-c58a-44e7-a055-e43163416658,Participante 1,sesion_guiada,0.5346,0.4352,izquierda
2026-09-20 22:19:13,d5a6a3d4-c58a-44e7-a055-e43163416658,Participante 1,sesion_guiada,0.5140,0.4052,izquierda
2026-09-20 22:19:15,d5a6a3d4-c58a-44e7-a055-e43163416658,Participante 1,sesion_guiada,0.5256,0.4413,izquierda
2026-09-20 22:19:16,d5a6a3d4-c58a-44e7-a055-e43163416658,Participante 1,sesion_guiada,0.5202,0.4471,izquierda
2026-09-20 22:19:17,d5a6a3d4-c58a-44e7-a055-e43163416658,Participante 1,sesion_guiada,0.5305,0.4387,izquierda
2026-09-20 22:19:18,d5a6a3d4-c58a-44e7-a055-e43163416658,Participante 1,sesion_guiada,0.5241,0.4464,izquierda
2026-09-20 22:19:19,d5a6a3d4-c58a-44e7-a055-e43163416658,Participante 1,sesion_guiada,0.4954,0.4371,izquierda
2026-09-20 22:19:21,d5a6a3d4-c58a-44e7-a055-e43163416658,Participante 1,sesion_guiada,0.5077,0.4250,izquierda
2026-09-20 22:19:22,d5a6a3d4-c58a-44e7-a055-e43163416658,Participante 1,sesion_guiada,0.5519,0.4547,izquierda
2026-09-20 22:19:23,d5a6a3d4-c58a-44e7-a055-e43163416658,Participante 1,sesion_guiada,0.5052,0.4445,izquierda
2026-09-20 22:19:24,d5a6a3d4-c58a-44e7-a055-e43163416658,Participante 1,sesion_guiada,0.5214,0.4467,izquierda
2026-09-20 22:19:25,d5a6a3d4-c58a-44e7-a055-e43163416658,Participante 1,sesion_guiada,0.4801,0.4082,derecha
2026-09-20 22:19:26,d5a6a3d4-c58a-44e7-a055-e43163416658,Participante 1,sesion_guiada,0.4935,0.4268,izquierda
2026-09-20 22:19:28,d5a6a3d4-c58a-44e7-a055-e43163416658,Participante 1,sesion_guiada,0.5444,0.4537,izquierda
2026-09-20 22:19:29,d5a6a3d4-c58a-44e7-a055-e43163416658,Participante 1,sesion_guiada,0.5027,0.4594,derecha
2026-09-20 22:19:30,d5a6a3d4-c58a-44e7-a055-e43163416658,Participante 1,sesion_guiada,0.5192,0.4659,derecha
2026-09-20 22:19:31,d5a6a3d4-c58a-44e7-a055-e43163416658,Participante 1,sesion_guiada,0.4979,0.4459,izquierda
2026-09-20 22:19:32,d5a6a3d4-c58a-44e7-a055-e43163416658,Participante 1,sesion_guiada,0.5245,0.4652,izquierda
2026-09-20 22:19:33,d5a6a3d4-c58a-44e7-a055-e43163416658,Participante 1,sesion_guiada,0.5592,0.4598,izquierda
2026-09-20 22:19:35,d5a6a3d4-c58a-44e7-a055-e43163416658,Participante 1,sesion_guiada,0.5402,0.4662,izquierda
2026-09-20 22:19:36,d5a6a3d4-c58a-44e7-a055-e43163416658,Participante 1,sesion_guiada,0.5296,0.4741,izquierda
2026-09-20 22:19:37,d5a6a3d4-c58a-44e7-a055-e43163416658,Participante 1,sesion_guiada,0.4340,0.4517,derecha
2026-09-20 22:19:38,d5a6a3d4-c58a-44e7-a055-e43163416658,Participante 1,sesion_guiada,0.5534,0.4655,derecha
2026-09-20 22:19:39,d5a6a3d4-c58a-44e7-a055-e43163416658,Participante 1,sesion_guiada,0.4529,0.4473,derecha
2026-09-20 22:19:40,d5a6a3d4-c58a-44e7-a055-e43163416658,Participante 1,sesion_guiada,0.3632,0.4348,derecha
2026-09-20 22:19:42,d5a6a3d4-c58a-44e7-a055-e43163416658,Participante 1,sesion_guiada,0.4827,0.4546,derecha
2026-09-20 22:19:43,d5a6a3d4-c58a-44e7-a055-e43163416658,Participante 1,sesion_guiada,0.4959,0.4391,izquierda
2026-09-20 22:19:44,d5a6a3d4-c58a-44e7-a055-e43163416658,Participante 1,sesion_guiada,0.4902,0.4356,izquierda
2026-09-20 22:19:45,d5a6a3d4-c58a-44e7-a055-e43163416658,Participante 1,sesion_guiada,0.4944,0.4520,derecha
2026-09-20 22:19:46,d5a6a3d4-c58a-44e7-a055-e43163416658,Participante 1,sesion_guiada,0.4979,0.4443,izquierda
2026-09-20 22:19:47,d5a6a3d4-c58a-44e7-a055-e43163416658,Participante 1,sesion_guiada,0.4759,0.4334,izquierda
2026-09-20 22:19:49,d5a6a3d4-c58a-44e7-a055-e43163416658,Participante 1,sesion_guiada,0.5018,0.4478,izquierda
2026-09-20 22:19:50,d5a6a3d4-c58a-44e7-a055-e43163416658,Participante 1,sesion_guiada,0.4921,0.4461,izquierda
2026-09-20 22:19:51,d5a6a3d4-c58a-44e7-a055-e43163416658,Participante 1,sesion_guiada,0.5020,0.4440,izquierda
2026-09-20 22:19:52,d5a6a3d4-c58a-44e7-a055-e43163416658,Participante 1,sesion_guiada,0.5234,0.4824,izquierda
2026-09-20 22:19:53,d5a6a3d4-c58a-44e7-a055-e43163416658,Participante 1,sesion_guiada,0.4877,0.4526,derecha
2026-09-20 22:19:54,d5a6a3d4-c58a-44e7-a055-e43163416658,Participante 1,sesion_guiada,0.5248,0.4671,izquierda
2026-09-20 22:19:56,d5a6a3d4-c58a-44e7-a055-e43163416658,Participante 1,sesion_guiada,0.5118,0.4702,izquierda
2026-09-20 22:19:57,d5a6a3d4-c58a-44e7-a055-e43163416658,Participante 1,sesion_guiada,0.5066,0.4564,izquierda
2026-09-20 22:19:58,d5a6a3d4-c58a-44e7-a055-e43163416658,Participante 1,sesion_guiada,0.5139,0.4629,izquierda
2026-09-20 22:19:59,d5a6a3d4-c58a-44e7-a055-e43163416658,Participante 1,sesion_guiada,0.4795,0.4567,derecha
2026-09-20 22:20:00,d5a6a3d4-c58a-44e7-a055-e43163416658,Participante 1,sesion_guiada,0.4902,0.4513,derecha
2026-09-20 22:20:01,d5a6a3d4-c58a-44e7-a055-e43163416658,Participante 1,sesion_guiada,0.4962,0.4688,derecha
2026-09-20 22:20:03,d5a6a3d4-c58a-44e7-a055-e43163416658,Participante 1,sesion_guiada,0.4840,0.4528,derecha
2026-09-20 22:20:04,d5a6a3d4-c58a-44e7-a055-e43163416658,Participante 1,sesion_guiada,0.4995,0.4627,izquierda
2026-09-20 22:20:05,d5a6a3d4-c58a-44e7-a055-e43163416658,Participante 1,sesion_guiada,0.4813,0.4493,izquierda
2026-09-20 22:20:06,d5a6a3d4-c58a-44e7-a055-e43163416658,Participante 1,sesion_guiada,0.4274,0.4514,derecha
2026-09-20 22:20:07,d5a6a3d4-c58a-44e7-a055-e43163416658,Participante 1,sesion_guiada,0.5078,0.4839,derecha
2026-09-20 22:20:08,d5a6a3d4-c58a-44e7-a055-e43163416658,Participante 1,sesion_guiada,0.4984,0.4675,izquierda
2026-09-20 22:20:10,d5a6a3d4-c58a-44e7-a055-e43163416658,Participante 1,sesion_guiada,0.3791,0.4407,derecha
2026-09-20 22:20:11,d5a6a3d4-c58a-44e7-a055-e43163416658,Participante 1,sesion_guiada,0.5120,0.4524,izquierda
2026-09-20 22:20:12,d5a6a3d4-c58a-44e7-a055-e43163416658,Participante 1,sesion_guiada,0.5061,0.4492,derecha
2026-09-20 22:20:13,d5a6a3d4-c58a-44e7-a055-e43163416658,Participante 1,sesion_guiada,0.4920,0.4534,izquierda
2026-09-20 22:20:14,d5a6a3d4-c58a-44e7-a055-e43163416658,Participante 1,sesion_guiada,0.4876,0.4459,izquierda
2026-09-20 22:20:15,d5a6a3d4-c58a-44e7-a055-e43163416658,Participante 1,sesion_guiada,0.4802,0.4355,derecha
2026-09-20 22:20:17,d5a6a3d4-c58a-44e7-a055-e43163416658,Participante 1,sesion_guiada,0.5037,0.4523,derecha
2026-09-20 22:20:18,d5a6a3d4-c58a-44e7-a055-e43163416658,Participante 1,sesion_guiada,0.4173,0.4648,izquierda
2026-09-20 22:20:19,d5a6a3d4-c58a-44e7-a055-e43163416658,Participante 1,sesion_guiada,0.4887,0.4435,derecha
2026-09-20 22:20:20,d5a6a3d4-c58a-44e7-a055-e43163416658,Participante 1,sesion_guiada,0.4851,0.4490,derecha
2026-09-20 22:20:21,d5a6a3d4-c58a-44e7-a055-e43163416658,Participante 1,sesion_guiada,0.4818,0.4609,derecha
2026-09-20 22:20:22,d5a6a3d4-c58a-44e7-a055-e43163416658,Participante 1,sesion_guiada,0.5271,0.4769,izquierda
2026-09-20 22:20:24,d5a6a3d4-c58a-44e7-a055-e43163416658,Participante 1,sesion_guiada,0.5336,0.4585,izquierda
2026-09-20 22:20:25,d5a6a3d4-c58a-44e7-a055-e43163416658,Participante 1,sesion_guiada,0.5322,0.4911,izquierda
2026-09-20 22:20:26,d5a6a3d4-c58a-44e7-a055-e43163416658,Participante 1,sesion_guiada,0.4835,0.4682,izquierda
2026-09-20 22:20:27,d5a6a3d4-c58a-44e7-a055-e43163416658,Participante 1,sesion_guiada,0.4958,0.4750,derecha
2026-09-20 22:20:28,d5a6a3d4-c58a-44e7-a055-e43163416658,Participante 1,sesion_guiada,0.4981,0.4732,izquierda
2026-09-20 22:20:29,d5a6a3d4-c58a-44e7-a055-e43163416658,Participante 1,sesion_guiada,0.4785,0.4568,izquierda
2026-09-20 22:20:31,d5a6a3d4-c58a-44e7-a055-e43163416658,Participante 1,sesion_guiada,0.4892,0.4679,derecha
2026-09-20 22:20:32,d5a6a3d4-c58a-44e7-a055-e43163416658,Participante 1,sesion_guiada,0.4875,0.4552,derecha
2026-09-20 22:20:33,d5a6a3d4-c58a-44e7-a055-e43163416658,Participante 1,sesion_guiada,0.5066,0.4639,derecha
2026-09-20 22:20:34,d5a6a3d4-c58a-44e7-a055-e43163416658,Participante 1,sesion_guiada,0.5374,0.4891,izquierda
2026-09-20 22:20:35,d5a6a3d4-c58a-44e7-a055-e43163416658,Participante 1,sesion_guiada,0.4754,0.4238,izquierda
2026-09-20 22:20:36,d5a6a3d4-c58a-44e7-a055-e43163416658,Participante 1,sesion_guiada,0.4755,0.4385,derecha
2026-09-20 22:20:38,d5a6a3d4-c58a-44e7-a055-e43163416658,Participante 1,sesion_guiada,0.5004,0.4630,izquierda
2026-09-20 22:20:39,d5a6a3d4-c58a-44e7-a055-e43163416658,Participante 1,sesion_guiada,0.4659,0.4279,derecha
2026-09-20 22:20:40,d5a6a3d4-c58a-44e7-a055-e43163416658,Participante 1,sesion_guiada,0.4542,0.3532,derecha
2026-09-20 22:20:41,d5a6a3d4-c58a-44e7-a055-e43163416658,Participante 1,sesion_guiada,0.6153,0.5147,izquierda
2026-09-20 22:20:42,d5a6a3d4-c58a-44e7-a055-e43163416658,Participante 1,sesion_guiada,0.4611,0.4601,derecha
2026-09-20 22:20:43,d5a6a3d4-c58a-44e7-a055-e43163416658,Participante 1,sesion_guiada,0.5853,0.5184,izquierda
2026-09-20 22:20:45,d5a6a3d4-c58a-44e7-a055-e43163416658,Participante 1,sesion_guiada,0.4799,0.4181,derecha
2026-09-20 22:20:46,d5a6a3d4-c58a-44e7-a055-e43163416658,Participante 1,sesion_guiada,0.6295,0.5229,izquierda
2026-09-20 22:20:47,d5a6a3d4-c58a-44e7-a055-e43163416658,Participante 1,sesion_guiada,0.6417,0.5169,izquierda
2026-09-20 22:20:48,d5a6a3d4-c58a-44e7-a055-e43163416658,Participante 1,sesion_guiada,0.4635,0.4605,derecha
2026-09-20 22:20:49,d5a6a3d4-c58a-44e7-a055-e43163416658,Participante 1,sesion_guiada,0.5307,0.4825,izquierda
2026-09-20 22:20:50,d5a6a3d4-c58a-44e7-a055-e43163416658,Participante 1,sesion_guiada,0.5276,0.4870,izquierda
2026-09-20 22:20:52,d5a6a3d4-c58a-44e7-a055-e43163416658,Participante 1,sesion_guiada,0.5245,0.4792,izquierda
2026-09-20 22:20:53,d5a6a3d4-c58a-44e7-a055-e43163416658,Participante 1,sesion_guiada,0.5070,0.4719,izquierda
2026-09-20 22:20:54,d5a6a3d4-c58a-44e7-a055-e43163416658,Participante 1,sesion_guiada,0.5251,0.4768,izquierda
2026-09-20 22:20:55,d5a6a3d4-c58a-44e7-a055-e43163416658,Participante 1,sesion_guiada,0.5396,0.4979,izquierda
2026-09-20 22:20:56,d5a6a3d4-c58a-44e7-a055-e43163416658,Participante 1,sesion_guiada,0.5276,0.4877,izquierda
2026-09-20 22:20:57,d5a6a3d4-c58a-44e7-a055-e43163416658,Participante 1,sesion_guiada,0.5201,0.4822,izquierda
2026-09-20 22:20:59,d5a6a3d4-c58a-44e7-a055-e43163416658,Participante 1,sesion_guiada,0.5425,0.4974,izquierda
2026-09-20 22:21:00,d5a6a3d4-c58a-44e7-a055-e43163416658,Participante 1,sesion_guiada,0.5373,0.4809,izquierda
2026-09-20 22:21:01,d5a6a3d4-c58a-44e7-a055-e43163416658,Participante 1,sesion_guiada,0.5317,0.4722,izquierda
2026-09-20 22:21:02,d5a6a3d4-c58a-44e7-a055-e43163416658,Participante 1,sesion_guiada,0.4215,0.4425,derecha
2026-09-20 22:21:03,d5a6a3d4-c58a-44e7-a055-e43163416658,Participante 1,sesion_guiada,0.4433,0.4564,izquierda
2026-09-20 22:21:04,d5a6a3d4-c58a-44e7-a055-e43163416658,Participante 1,sesion_guiada,0.3842,0.4575,derecha
2026-09-20 22:21:06,d5a6a3d4-c58a-44e7-a055-e43163416658,Participante 1,sesion_guiada,0.4161,0.4381,derecha
2026-09-20 22:21:07,d5a6a3d4-c58a-44e7-a055-e43163416658,Participante 1,sesion_guiada,0.4284,0.4434,derecha
2026-09-20 22:21:08,d5a6a3d4-c58a-44e7-a055-e43163416658,Participante 1,sesion_guiada,0.4385,0.4445,derecha
2026-09-20 22:21:09,d5a6a3d4-c58a-44e7-a055-e43163416658,Participante 1,sesion_guiada,0.4394,0.4342,derecha
2026-09-20 22:21:10,d5a6a3d4-c58a-44e7-a055-e43163416658,Participante 1,sesion_guiada,0.4475,0.4379,derecha
2026-09-20 22:21:11,d5a6a3d4-c58a-44e7-a055-e43163416658,Participante 1,sesion_guiada,0.4496,0.4391,derecha
2026-09-20 22:21:13,d5a6a3d4-c58a-44e7-a055-e43163416658,Participante 1,sesion_guiada,0.4347,0.4331,derecha
2026-09-20 22:21:14,d5a6a3d4-c58a-44e7-a055-e43163416658,Participante 1,sesion_guiada,0.4526,0.4437,derecha
2026-09-20 22:21:15,d5a6a3d4-c58a-44e7-a055-e43163416658,Participante 1,sesion_guiada,0.4381,0.4246,derecha
2026-09-20 22:21:16,d5a6a3d4-c58a-44e7-a055-e43163416658,Participante 1,sesion_guiada,0.4247,0.4501,derecha
2026-09-20 22:21:17,d5a6a3d4-c58a-44e7-a055-e43163416658,Participante 1,sesion_guiada,0.5064,0.4712,izquierda
2026-09-20 22:21:18,d5a6a3d4-c58a-44e7-a055-e43163416658,Participante 1,sesion_guiada,0.4552,0.4841,derecha
2026-09-20 22:21:20,d5a6a3d4-c58a-44e7-a055-e43163416658,Participante 1,sesion_guiada,0.5500,0.4846,izquierda
2026-09-20 22:21:21,d5a6a3d4-c58a-44e7-a055-e43163416658,Participante 1,sesion_guiada,0.5300,0.4792,izquierda
2026-09-20 22:21:22,d5a6a3d4-c58a-44e7-a055-e43163416658,Participante 1,sesion_guiada,0.5411,0.5114,izquierda
2026-09-20 22:21:23,d5a6a3d4-c58a-44e7-a055-e43163416658,Participante 1,sesion_guiada,0.5511,0.5416,izquierda
2026-09-20 22:21:24,d5a6a3d4-c58a-44e7-a055-e43163416658,Participante 1,sesion_guiada,0.5593,0.4931,izquierda
2026-09-20 22:21:25,d5a6a3d4-c58a-44e7-a055-e43163416658,Participante 1,sesion_guiada,0.6189,0.4661,izquierda
2026-09-20 22:21:27,d5a6a3d4-c58a-44e7-a055-e43163416658,Participante 1,sesion_guiada,0.5731,0.5107,izquierda
2026-09-20 22:21:28,d5a6a3d4-c58a-44e7-a055-e43163416658,Participante 1,sesion_guiada,0.5744,0.5020,izquierda
2026-09-20 22:21:29,d5a6a3d4-c58a-44e7-a055-e43163416658,Participante 1,sesion_guiada,0.5881,0.4460,izquierda
2026-09-20 22:21:30,d5a6a3d4-c58a-44e7-a055-e43163416658,Participante 1,sesion_guiada,0.6030,0.4510,izquierda
2026-09-20 22:21:31,d5a6a3d4-c58a-44e7-a055-e43163416658,Participante 1,sesion_guiada,0.5922,0.4548,izquierda
2026-09-20 22:21:32,d5a6a3d4-c58a-44e7-a055-e43163416658,Participante 1,sesion_guiada,0.4753,0.4618,derecha
2026-09-20 22:21:34,d5a6a3d4-c58a-44e7-a055-e43163416658,Participante 1,sesion_guiada,0.4553,0.4786,derecha
2026-09-20 22:21:35,d5a6a3d4-c58a-44e7-a055-e43163416658,Participante 1,sesion_guiada,0.5715,0.4660,derecha
2026-09-20 22:21:36,d5a6a3d4-c58a-44e7-a055-e43163416658,Participante 1,sesion_guiada,0.4777,0.4660,derecha
2026-09-20 22:21:37,d5a6a3d4-c58a-44e7-a055-e43163416658,Participante 1,sesion_guiada,0.4567,0.4709,derecha
2026-09-20 22:21:38,d5a6a3d4-c58a-44e7-a055-e43163416658,Participante 1,sesion_guiada,0.6046,0.4641,izquierda
2026-09-20 22:21:39,d5a6a3d4-c58a-44e7-a055-e43163416658,Participante 1,sesion_guiada,0.5817,0.4146,izquierda
2026-09-20 22:21:41,d5a6a3d4-c58a-44e7-a055-e43163416658,Participante 1,sesion_guiada,0.5804,0.4610,izquierda
2026-09-20 22:21:42,d5a6a3d4-c58a-44e7-a055-e43163416658,Participante 1,sesion_guiada,0.6160,0.4531,izquierda
2026-09-20 22:21:43,d5a6a3d4-c58a-44e7-a055-e43163416658,Participante 1,sesion_guiada,0.5781,0.4424,izquierda
2026-09-20 22:21:44,d5a6a3d4-c58a-44e7-a055-e43163416658,Participante 1,sesion_guiada,0.6126,0.4511,izquierda
2026-09-20 22:21:45,d5a6a3d4-c58a-44e7-a055-e43163416658,Participante 1,sesion_guiada,0.5746,0.4486,izquierda
2026-09-20 22:21:46,d5a6a3d4-c58a-44e7-a055-e43163416658,Participante 1,sesion_guiada,0.6157,0.4480,izquierda
2026-09-20 22:21:48,d5a6a3d4-c58a-44e7-a055-e43163416658,Participante 1,sesion_guiada,0.4955,0.4636,derecha
2026-09-20 22:21:49,d5a6a3d4-c58a-44e7-a055-e43163416658,Participante 1,sesion_guiada,0.5974,0.4538,izquierda
2026-09-20 22:21:50,d5a6a3d4-c58a-44e7-a055-e43163416658,Participante 1,sesion_guiada,0.4890,0.4520,derecha
2026-09-20 22:21:51,d5a6a3d4-c58a-44e7-a055-e43163416658,Participante 1,sesion_guiada,0.4940,0.4459,izquierda
2026-09-20 22:21:52,d5a6a3d4-c58a-44e7-a055-e43163416658,Participante 1,sesion_guiada,0.4932,0.4562,izquierda
2026-09-20 22:21:53,d5a6a3d4-c58a-44e7-a055-e43163416658,Participante 1,sesion_guiada,0.4919,0.4677,izquierda
2026-09-20 22:21:55,d5a6a3d4-c58a-44e7-a055-e43163416658,Participante 1,sesion_guiada,0.4853,0.4567,izquierda
2026-09-20 22:21:56,d5a6a3d4-c58a-44e7-a055-e43163416658,Participante 1,sesion_guiada,0.5001,0.4530,derecha
2026-09-20 22:21:57,d5a6a3d4-c58a-44e7-a055-e43163416658,Participante 1,sesion_guiada,0.4992,0.4697,izquierda
2026-09-20 22:21:58,d5a6a3d4-c58a-44e7-a055-e43163416658,Participante 1,sesion_guiada,0.4449,0.4703,izquierda
2026-09-20 22:21:59,d5a6a3d4-c58a-44e7-a055-e43163416658,Participante 1,sesion_guiada,0.4785,0.4614,izquierda
2026-09-20 22:22:00,d5a6a3d4-c58a-44e7-a055-e43163416658,Participante 1,sesion_guiada,0.4929,0.4602,derecha
2026-09-20 22:22:02,d5a6a3d4-c58a-44e7-a055-e43163416658,Participante 1,sesion_guiada,0.4940,0.4515,izquierda
2026-09-20 22:22:03,d5a6a3d4-c58a-44e7-a055-e43163416658,Participante 1,sesion_guiada,0.4997,0.4492,izquierda
2026-09-20 22:22:04,d5a6a3d4-c58a-44e7-a055-e43163416658,Participante 1,sesion_guiada,0.5501,0.4505,izquierda
2026-09-20 22:22:05,d5a6a3d4-c58a-44e7-a055-e43163416658,Participante 1,sesion_guiada,0.5799,0.4430,izquierda
2026-09-20 22:22:06,d5a6a3d4-c58a-44e7-a055-e43163416658,Participante 1,sesion_guiada,0.6218,0.4576,izquierda
2026-09-20 22:22:07,d5a6a3d4-c58a-44e7-a055-e43163416658,Participante 1,sesion_guiada,0.4687,0.4717,izquierda
2026-09-20 22:22:09,d5a6a3d4-c58a-44e7-a055-e43163416658,Participante 1,sesion_guiada,0.6051,0.4532,izquierda
2026-09-20 22:22:10,d5a6a3d4-c58a-44e7-a055-e43163416658,Participante 1,sesion_guiada,0.5925,0.4484,izquierda
2026-09-20 22:22:11,d5a6a3d4-c58a-44e7-a055-e43163416658,Participante 1,sesion_guiada,0.5517,0.4466,izquierda
2026-09-20 22:22:12,d5a6a3d4-c58a-44e7-a055-e43163416658,Participante 1,sesion_guiada,0.5735,0.4602,izquierda
2026-09-20 22:22:13,d5a6a3d4-c58a-44e7-a055-e43163416658,Participante 1,sesion_guiada,0.5288,0.4606,izquierda
2026-09-20 22:22:14,d5a6a3d4-c58a-44e7-a055-e43163416658,Participante 1,sesion_guiada,0.5978,0.4524,izquierda
2026-09-20 22:22:16,d5a6a3d4-c58a-44e7-a055-e43163416658,Participante 1,sesion_guiada,0.4546,0.4704,derecha
2026-09-20 22:22:17,d5a6a3d4-c58a-44e7-a055-e43163416658,Participante 1,sesion_guiada,0.5783,0.4557,izquierda
2026-09-20 22:22:18,d5a6a3d4-c58a-44e7-a055-e43163416658,Participante 1,sesion_guiada,0.4867,0.4667,izquierda
2026-09-20 22:22:19,d5a6a3d4-c58a-44e7-a055-e43163416658,Participante 1,sesion_guiada,0.4954,0.4517,izquierda
2026-09-20 22:22:20,d5a6a3d4-c58a-44e7-a055-e43163416658,Participante 1,sesion_guiada,0.4767,0.4682,derecha
2026-09-20 22:22:21,d5a6a3d4-c58a-44e7-a055-e43163416658,Participante 1,sesion_guiada,0.4832,0.4563,derecha
2026-09-20 22:22:23,d5a6a3d4-c58a-44e7-a055-e43163416658,Participante 1,sesion_guiada,0.4528,0.4513,derecha
2026-09-20 22:22:24,d5a6a3d4-c58a-44e7-a055-e43163416658,Participante 1,sesion_guiada,0.4735,0.4703,derecha
2026-09-20 22:22:25,d5a6a3d4-c58a-44e7-a055-e43163416658,Participante 1,sesion_guiada,0.4959,0.4690,izquierda
2026-09-20 22:22:26,d5a6a3d4-c58a-44e7-a055-e43163416658,Participante 1,sesion_guiada,0.4839,0.4502,derecha
2026-09-20 22:22:27,d5a6a3d4-c58a-44e7-a055-e43163416658,Participante 1,sesion_guiada,0.4777,0.4507,derecha
2026-09-20 22:22:28,d5a6a3d4-c58a-44e7-a055-e43163416658,Participante 1,sesion_guiada,0.4925,0.4520,derecha
2026-09-20 22:22:30,d5a6a3d4-c58a-44e7-a055-e43163416658,Participante 1,sesion_guiada,0.4600,0.4641,derecha
2026-09-20 22:22:31,d5a6a3d4-c58a-44e7-a055-e43163416658,Participante 1,sesion_guiada,0.4666,0.4535,derecha
2026-09-20 22:22:32,d5a6a3d4-c58a-44e7-a055-e43163416658,Participante 1,sesion_guiada,0.5140,0.4573,izquierda
2026-09-20 22:22:33,d5a6a3d4-c58a-44e7-a055-e43163416658,Participante 1,sesion_guiada,0.5305,0.4572,izquierda
2026-09-20 22:22:34,d5a6a3d4-c58a-44e7-a055-e43163416658,Participante 1,sesion_guiada,0.5631,0.4360,izquierda
2026-09-20 22:22:35,d5a6a3d4-c58a-44e7-a055-e43163416658,Participante 1,sesion_guiada,0.5747,0.4607,izquierda
2026-09-20 22:22:37,d5a6a3d4-c58a-44e7-a055-e43163416658,Participante 1,sesion_guiada,0.4844,0.4522,izquierda
2026-09-20 22:22:38,d5a6a3d4-c58a-44e7-a055-e43163416658,Participante 1,sesion_guiada,0.5884,0.4748,izquierda
2026-09-20 22:22:39,d5a6a3d4-c58a-44e7-a055-e43163416658,Participante 1,sesion_guiada,0.5957,0.4668,izquierda
2026-09-20 22:22:40,d5a6a3d4-c58a-44e7-a055-e43163416658,Participante 1,sesion_guiada,0.5485,0.4435,izquierda
2026-09-20 22:22:41,d5a6a3d4-c58a-44e7-a055-e43163416658,Participante 1,sesion_guiada,0.5100,0.4543,izquierda
2026-09-20 22:22:42,d5a6a3d4-c58a-44e7-a055-e43163416658,Participante 1,sesion_guiada,0.5491,0.4829,izquierda
2026-09-20 22:22:44,d5a6a3d4-c58a-44e7-a055-e43163416658,Participante 1,sesion_guiada,0.5346,0.4481,izquierda
2026-09-20 22:22:45,d5a6a3d4-c58a-44e7-a055-e43163416658,Participante 1,sesion_guiada,0.5443,0.4944,izquierda
2026-09-20 22:22:46,d5a6a3d4-c58a-44e7-a055-e43163416658,Participante 1,sesion_guiada,0.3982,0.4796,izquierda
2026-09-20 22:22:47,d5a6a3d4-c58a-44e7-a055-e43163416658,Participante 1,sesion_guiada,0.4910,0.4461,izquierda
2026-09-20 22:22:48,d5a6a3d4-c58a-44e7-a055-e43163416658,Participante 1,sesion_guiada,0.5028,0.4566,derecha
2026-09-20 22:22:49,d5a6a3d4-c58a-44e7-a055-e43163416658,Participante 1,sesion_guiada,0.4694,0.4524,derecha
2026-09-20 22:22:51,d5a6a3d4-c58a-44e7-a055-e43163416658,Participante 1,sesion_guiada,0.3970,0.4579,derecha
2026-09-20 22:22:52,d5a6a3d4-c58a-44e7-a055-e43163416658,Participante 1,sesion_guiada,0.5270,0.4516,izquierda
2026-09-20 22:22:53,d5a6a3d4-c58a-44e7-a055-e43163416658,Participante 1,sesion_guiada,0.5119,0.4326,derecha
2026-09-20 22:22:54,d5a6a3d4-c58a-44e7-a055-e43163416658,Participante 1,sesion_guiada,0.4937,0.4199,izquierda
2026-09-20 22:22:55,d5a6a3d4-c58a-44e7-a055-e43163416658,Participante 1,sesion_guiada,0.5342,0.4500,izquierda
2026-09-20 22:22:56,d5a6a3d4-c58a-44e7-a055-e43163416658,Participante 1,sesion_guiada,0.5138,0.4465,izquierda
2026-09-20 22:22:58,d5a6a3d4-c58a-44e7-a055-e43163416658,Participante 1,sesion_guiada,0.5071,0.4299,izquierda
2026-09-20 22:22:59,d5a6a3d4-c58a-44e7-a055-e43163416658,Participante 1,sesion_guiada,0.4824,0.4511,derecha
2026-09-20 22:23:00,d5a6a3d4-c58a-44e7-a055-e43163416658,Participante 1,sesion_guiada,0.5179,0.4454,izquierda
2026-09-20 22:23:01,d5a6a3d4-c58a-44e7-a055-e43163416658,Participante 1,sesion_guiada,0.4214,0.4516,derecha
2026-09-20 22:23:02,d5a6a3d4-c58a-44e7-a055-e43163416658,Participante 1,sesion_guiada,0.4312,0.4588,derecha
2026-09-20 22:23:03,d5a6a3d4-c58a-44e7-a055-e43163416658,Participante 1,sesion_guiada,0.4236,0.4655,derecha
2026-09-20 22:23:05,d5a6a3d4-c58a-44e7-a055-e43163416658,Participante 1,sesion_guiada,0.5123,0.4619,izquierda
2026-09-20 22:23:06,d5a6a3d4-c58a-44e7-a055-e43163416658,Participante 1,sesion_guiada,0.5262,0.4327,izquierda
2026-09-20 22:23:07,d5a6a3d4-c58a-44e7-a055-e43163416658,Participante 1,sesion_guiada,0.5267,0.5089,izquierda
2026-09-20 22:23:08,d5a6a3d4-c58a-44e7-a055-e43163416658,Participante 1,sesion_guiada,0.5284,0.5220,izquierda
2026-09-20 22:23:09,d5a6a3d4-c58a-44e7-a055-e43163416658,Participante 1,sesion_guiada,0.5274,0.4518,izquierda
2026-09-20 22:23:10,d5a6a3d4-c58a-44e7-a055-e43163416658,Participante 1,sesion_guiada,0.4863,0.4412,izquierda
2026-09-20 22:23:12,d5a6a3d4-c58a-44e7-a055-e43163416658,Participante 1,sesion_guiada,0.4008,0.4607,derecha
2026-09-20 22:23:13,d5a6a3d4-c58a-44e7-a055-e43163416658,Participante 1,sesion_guiada,0.5334,0.4351,izquierda
2026-09-20 22:23:14,d5a6a3d4-c58a-44e7-a055-e43163416658,Participante 1,sesion_guiada,0.4862,0.4540,derecha
2026-09-20 22:23:15,d5a6a3d4-c58a-44e7-a055-e43163416658,Participante 1,sesion_guiada,0.5349,0.4557,izquierda
2026-09-20 22:23:16,d5a6a3d4-c58a-44e7-a055-e43163416658,Participante 1,sesion_guiada,0.5070,0.4666,izquierda
2026-09-20 22:23:17,d5a6a3d4-c58a-44e7-a055-e43163416658,Participante 1,sesion_guiada,0.4928,0.4354,derecha
2026-09-20 22:23:19,d5a6a3d4-c58a-44e7-a055-e43163416658,Participante 1,sesion_guiada,0.4945,0.4477,izquierda
2026-09-20 22:23:20,d5a6a3d4-c58a-44e7-a055-e43163416658,Participante 1,sesion_guiada,0.4677,0.4496,derecha
2026-09-20 22:23:21,d5a6a3d4-c58a-44e7-a055-e43163416658,Participante 1,sesion_guiada,0.5106,0.4656,izquierda
2026-09-20 22:23:22,d5a6a3d4-c58a-44e7-a055-e43163416658,Participante 1,sesion_guiada,0.5580,0.4635,izquierda
2026-09-20 22:23:23,d5a6a3d4-c58a-44e7-a055-e43163416658,Participante 1,sesion_guiada,0.5437,0.4658,izquierda
2026-09-20 22:23:24,d5a6a3d4-c58a-44e7-a055-e43163416658,Participante 1,sesion_guiada,0.4347,0.4443,derecha
2026-09-20 22:23:26,d5a6a3d4-c58a-44e7-a055-e43163416658,Participante 1,sesion_guiada,0.4390,0.4489,derecha
2026-09-20 22:23:27,d5a6a3d4-c58a-44e7-a055-e43163416658,Participante 1,sesion_guiada,0.3991,0.4547,derecha
2026-09-20 22:23:28,d5a6a3d4-c58a-44e7-a055-e43163416658,Participante 1,sesion_guiada,0.4608,0.4464,derecha
2026-09-20 22:23:29,d5a6a3d4-c58a-44e7-a055-e43163416658,Participante 1,sesion_guiada,0.5430,0.4531,derecha
2026-09-20 22:23:30,d5a6a3d4-c58a-44e7-a055-e43163416658,Participante 1,sesion_guiada,0.4623,0.4436,derecha
2026-09-20 22:23:31,d5a6a3d4-c58a-44e7-a055-e43163416658,Participante 1,sesion_guiada,0.4680,0.4553,derecha
2026-09-20 22:23:33,d5a6a3d4-c58a-44e7-a055-e43163416658,Participante 1,sesion_guiada,0.4652,0.4531,derecha
2026-09-20 22:23:34,d5a6a3d4-c58a-44e7-a055-e43163416658,Participante 1,sesion_guiada,0.4422,0.4299,derecha
2026-09-20 22:23:35,d5a6a3d4-c58a-44e7-a055-e43163416658,Participante 1,sesion_guiada,0.4622,0.4621,derecha
2026-09-20 22:23:36,d5a6a3d4-c58a-44e7-a055-e43163416658,Participante 1,sesion_guiada,0.4444,0.4462,derecha
2026-09-20 22:23:37,d5a6a3d4-c58a-44e7-a055-e43163416658,Participante 1,sesion_guiada,0.4657,0.4642,derecha
2026-09-20 22:23:38,d5a6a3d4-c58a-44e7-a055-e43163416658,Participante 1,sesion_guiada,0.4713,0.4439,derecha
2026-09-20 22:23:40,d5a6a3d4-c58a-44e7-a055-e43163416658,Participante 1,sesion_guiada,0.4409,0.4501,derecha
2026-09-20 22:23:41,d5a6a3d4-c58a-44e7-a055-e43163416658,Participante 1,sesion_guiada,0.5335,0.4666,izquierda
2026-09-20 22:23:42,d5a6a3d4-c58a-44e7-a055-e43163416658,Participante 1,sesion_guiada,0.5069,0.4161,izquierda
2026-09-20 22:23:43,d5a6a3d4-c58a-44e7-a055-e43163416658,Participante 1,sesion_guiada,0.5198,0.4543,izquierda
2026-09-20 22:23:44,d5a6a3d4-c58a-44e7-a055-e43163416658,Participante 1,sesion_guiada,0.5312,0.4703,izquierda
2026-09-20 22:23:46,d5a6a3d4-c58a-44e7-a055-e43163416658,Participante 1,sesion_guiada,0.5134,0.4230,derecha
2026-09-20 22:23:47,d5a6a3d4-c58a-44e7-a055-e43163416658,Participante 1,sesion_guiada,0.5416,0.4352,izquierda
2026-09-20 22:23:48,d5a6a3d4-c58a-44e7-a055-e43163416658,Participante 1,sesion_guiada,0.4992,0.4399,izquierda
2026-09-20 22:23:49,d5a6a3d4-c58a-44e7-a055-e43163416658,Participante 1,sesion_guiada,0.5460,0.4651,izquierda
2026-09-20 22:23:50,d5a6a3d4-c58a-44e7-a055-e43163416658,Participante 1,sesion_guiada,0.5493,0.4446,izquierda
2026-09-20 22:23:51,d5a6a3d4-c58a-44e7-a055-e43163416658,Participante 1,sesion_guiada,0.5461,0.4450,izquierda
2026-09-20 22:23:52,d5a6a3d4-c58a-44e7-a055-e43163416658,Participante 1,sesion_guiada,0.5130,0.4441,izquierda
2026-09-20 22:23:54,d5a6a3d4-c58a-44e7-a055-e43163416658,Participante 1,sesion_guiada,0.5069,0.4542,izquierda
2026-09-20 22:23:55,d5a6a3d4-c58a-44e7-a055-e43163416658,Participante 1,sesion_guiada,0.5223,0.4181,derecha
2026-09-20 22:23:56,d5a6a3d4-c58a-44e7-a055-e43163416658,Participante 1,sesion_guiada,0.5044,0.4608,izquierda
2026-09-20 22:23:57,d5a6a3d4-c58a-44e7-a055-e43163416658,Participante 1,sesion_guiada,0.5145,0.4478,izquierda
2026-09-20 22:23:58,d5a6a3d4-c58a-44e7-a055-e43163416658,Participante 1,sesion_guiada,0.5407,0.4560,izquierda
2026-09-20 22:23:59,d5a6a3d4-c58a-44e7-a055-e43163416658,Participante 1,sesion_guiada,0.5326,0.4574,izquierda
2026-09-20 22:24:01,d5a6a3d4-c58a-44e7-a055-e43163416658,Participante 1,sesion_guiada,0.4784,0.4271,derecha
2026-09-20 22:24:02,d5a6a3d4-c58a-44e7-a055-e43163416658,Participante 1,sesion_guiada,0.5211,0.4521,izquierda
2026-09-20 22:24:03,d5a6a3d4-c58a-44e7-a055-e43163416658,Participante 1,sesion_guiada,0.5171,0.4552,izquierda
2026-09-20 22:24:04,d5a6a3d4-c58a-44e7-a055-e43163416658,Participante 1,sesion_guiada,0.5156,0.4412,izquierda
2026-09-20 22:24:05,d5a6a3d4-c58a-44e7-a055-e43163416658,Participante 1,sesion_guiada,0.4820,0.4172,derecha
2026-09-20 22:24:06,d5a6a3d4-c58a-44e7-a055-e43163416658,Participante 1,sesion_guiada,0.4773,0.3806,derecha
2026-09-20 22:24:08,d5a6a3d4-c58a-44e7-a055-e43163416658,Participante 1,sesion_guiada,0.4860,0.3784,izquierda
2026-09-20 22:24:09,d5a6a3d4-c58a-44e7-a055-e43163416658,Participante 1,sesion_guiada,0.5012,0.3793,derecha
2026-09-20 22:24:10,d5a6a3d4-c58a-44e7-a055-e43163416658,Participante 1,sesion_guiada,0.4914,0.3323,derecha
2026-09-20 22:24:11,d5a6a3d4-c58a-44e7-a055-e43163416658,Participante 1,sesion_guiada,0.5567,0.4669,izquierda
2026-09-20 22:24:12,d5a6a3d4-c58a-44e7-a055-e43163416658,Participante 1,sesion_guiada,0.4927,0.4477,izquierda
2026-09-20 22:24:13,d5a6a3d4-c58a-44e7-a055-e43163416658,Participante 1,sesion_guiada,0.5161,0.4504,izquierda
2026-09-20 22:24:15,d5a6a3d4-c58a-44e7-a055-e43163416658,Participante 1,sesion_guiada,0.5205,0.4656,izquierda
2026-09-20 22:24:16,d5a6a3d4-c58a-44e7-a055-e43163416658,Participante 1,sesion_guiada,0.4958,0.4583,izquierda
2026-09-20 22:24:17,d5a6a3d4-c58a-44e7-a055-e43163416658,Participante 1,sesion_guiada,0.5021,0.4696,izquierda
2026-09-20 22:24:18,d5a6a3d4-c58a-44e7-a055-e43163416658,Participante 1,sesion_guiada,0.4988,0.4572,izquierda
2026-09-20 22:24:19,d5a6a3d4-c58a-44e7-a055-e43163416658,Participante 1,sesion_guiada,0.5332,0.4652,derecha
2026-09-20 22:24:20,d5a6a3d4-c58a-44e7-a055-e43163416658,Participante 1,sesion_guiada,0.5477,0.4645,izquierda
2026-09-20 22:24:22,d5a6a3d4-c58a-44e7-a055-e43163416658,Participante 1,sesion_guiada,0.4717,0.3151,izquierda
2026-09-20 22:24:23,d5a6a3d4-c58a-44e7-a055-e43163416658,Participante 1,sesion_guiada,0.5392,0.4350,izquierda
2026-09-20 22:24:24,d5a6a3d4-c58a-44e7-a055-e43163416658,Participante 1,sesion_guiada,0.4875,0.4508,izquierda
2026-09-20 22:24:25,d5a6a3d4-c58a-44e7-a055-e43163416658,Participante 1,sesion_guiada,0.5484,0.4463,izquierda
2026-09-20 22:24:26,d5a6a3d4-c58a-44e7-a055-e43163416658,Participante 1,sesion_guiada,0.5208,0.4970,izquierda
2026-09-20 22:24:28,d5a6a3d4-c58a-44e7-a055-e43163416658,Participante 1,sesion_guiada,0.5017,0.4873,izquierda
2026-09-20 22:24:29,d5a6a3d4-c58a-44e7-a055-e43163416658,Participante 1,sesion_guiada,0.4640,0.4719,izquierda
2026-09-20 22:24:30,d5a6a3d4-c58a-44e7-a055-e43163416658,Participante 1,sesion_guiada,0.4974,0.4965,izquierda
2026-09-20 22:24:31,d5a6a3d4-c58a-44e7-a055-e43163416658,Participante 1,sesion_guiada,0.5045,0.4650,izquierda
2026-09-20 22:24:32,d5a6a3d4-c58a-44e7-a055-e43163416658,Participante 1,sesion_guiada,0.5207,0.4653,izquierda
2026-09-20 22:24:33,d5a6a3d4-c58a-44e7-a055-e43163416658,Participante 1,sesion_guiada,0.5578,0.4769,izquierda
2026-09-20 22:24:35,d5a6a3d4-c58a-44e7-a055-e43163416658,Participante 1,sesion_guiada,0.5726,0.4966,izquierda
2026-09-20 22:24:36,d5a6a3d4-c58a-44e7-a055-e43163416658,Participante 1,sesion_guiada,0.5675,0.4661,izquierda
2026-09-20 22:24:37,d5a6a3d4-c58a-44e7-a055-e43163416658,Participante 1,sesion_guiada,0.5448,0.4950,izquierda
2026-09-20 22:24:38,d5a6a3d4-c58a-44e7-a055-e43163416658,Participante 1,sesion_guiada,0.5277,0.4662,izquierda
2026-09-20 22:24:39,d5a6a3d4-c58a-44e7-a055-e43163416658,Participante 1,sesion_guiada,0.5217,0.4509,izquierda
2026-09-20 22:24:40,d5a6a3d4-c58a-44e7-a055-e43163416658,Participante 1,sesion_guiada,0.4971,0.4211,izquierda
2026-09-20 22:24:42,d5a6a3d4-c58a-44e7-a055-e43163416658,Participante 1,sesion_guiada,0.5178,0.3095,izquierda
2026-09-20 22:24:43,d5a6a3d4-c58a-44e7-a055-e43163416658,Participante 1,sesion_guiada,0.5722,0.4734,izquierda
2026-09-20 22:24:44,d5a6a3d4-c58a-44e7-a055-e43163416658,Participante 1,sesion_guiada,0.5385,0.4613,izquierda
2026-09-20 22:24:45,d5a6a3d4-c58a-44e7-a055-e43163416658,Participante 1,sesion_guiada,0.5625,0.4627,izquierda
2026-09-20 22:24:46,d5a6a3d4-c58a-44e7-a055-e43163416658,Participante 1,sesion_guiada,0.5631,0.4738,izquierda
2026-09-20 22:24:47,d5a6a3d4-c58a-44e7-a055-e43163416658,Participante 1,sesion_guiada,0.4648,0.4777,derecha
2026-09-20 22:24:49,d5a6a3d4-c58a-44e7-a055-e43163416658,Participante 1,sesion_guiada,0.4810,0.4659,derecha
2026-09-20 22:24:50,d5a6a3d4-c58a-44e7-a055-e43163416658,Participante 1,sesion_guiada,0.5652,0.4732,izquierda
2026-09-20 22:24:51,d5a6a3d4-c58a-44e7-a055-e43163416658,Participante 1,sesion_guiada,0.5422,0.4698,izquierda
2026-09-20 22:24:52,d5a6a3d4-c58a-44e7-a055-e43163416658,Participante 1,sesion_guiada,0.5890,0.4581,izquierda
2026-09-20 22:24:53,d5a6a3d4-c58a-44e7-a055-e43163416658,Participante 1,sesion_guiada,0.4982,0.4539,derecha
2026-09-20 22:24:54,d5a6a3d4-c58a-44e7-a055-e43163416658,Participante 1,sesion_guiada,0.5947,0.4698,izquierda
2026-09-20 22:24:56,d5a6a3d4-c58a-44e7-a055-e43163416658,Participante 1,sesion_guiada,0.5323,0.4759,izquierda
2026-09-20 22:24:57,d5a6a3d4-c58a-44e7-a055-e43163416658,Participante 1,sesion_guiada,0.5338,0.4727,izquierda
2026-09-20 22:24:58,d5a6a3d4-c58a-44e7-a055-e43163416658,Participante 1,sesion_guiada,0.5001,0.4606,izquierda
2026-09-20 22:24:59,d5a6a3d4-c58a-44e7-a055-e43163416658,Participante 1,sesion_guiada,0.5287,0.4270,izquierda
2026-09-20 22:25:00,d5a6a3d4-c58a-44e7-a055-e43163416658,Participante 1,sesion_guiada,0.5384,0.4667,izquierda
2026-09-20 22:25:01,d5a6a3d4-c58a-44e7-a055-e43163416658,Participante 1,sesion_guiada,0.5503,0.4558,izquierda
2026-09-20 22:25:03,d5a6a3d4-c58a-44e7-a055-e43163416658,Participante 1,sesion_guiada,0.5168,0.4843,izquierda
2026-09-20 22:25:04,d5a6a3d4-c58a-44e7-a055-e43163416658,Participante 1,sesion_guiada,0.5080,0.4337,izquierda
2026-09-20 22:25:05,d5a6a3d4-c58a-44e7-a055-e43163416658,Participante 1,sesion_guiada,0.5169,0.4463,izquierda
2026-09-20 22:25:06,d5a6a3d4-c58a-44e7-a055-e43163416658,Participante 1,sesion_guiada,0.5253,0.4650,izquierda
2026-09-20 22:25:07,d5a6a3d4-c58a-44e7-a055-e43163416658,Participante 1,sesion_guiada,0.5714,0.4673,izquierda
2026-09-20 22:25:08,d5a6a3d4-c58a-44e7-a055-e43163416658,Participante 1,sesion_guiada,0.5888,0.4623,izquierda
2026-09-20 22:25:10,d5a6a3d4-c58a-44e7-a055-e43163416658,Participante 1,sesion_guiada,0.5466,0.4693,izquierda
2026-09-20 22:25:11,d5a6a3d4-c58a-44e7-a055-e43163416658,Participante 1,sesion_guiada,0.6130,0.4651,izquierda
2026-09-20 22:25:12,d5a6a3d4-c58a-44e7-a055-e43163416658,Participante 1,sesion_guiada,0.5600,0.4659,izquierda
2026-09-20 22:25:13,d5a6a3d4-c58a-44e7-a055-e43163416658,Participante 1,sesion_guiada,0.4869,0.4543,derecha
2026-09-20 22:25:14,d5a6a3d4-c58a-44e7-a055-e43163416658,Participante 1,sesion_guiada,0.4707,0.4428,derecha
2026-09-20 22:25:15,d5a6a3d4-c58a-44e7-a055-e43163416658,Participante 1,sesion_guiada,0.4777,0.4702,derecha
2026-09-20 22:25:17,d5a6a3d4-c58a-44e7-a055-e43163416658,Participante 1,sesion_guiada,0.4949,0.4461,derecha
2026-09-20 22:25:18,d5a6a3d4-c58a-44e7-a055-e43163416658,Participante 1,sesion_guiada,0.4851,0.4704,derecha
2026-09-20 22:25:19,d5a6a3d4-c58a-44e7-a055-e43163416658,Participante 1,sesion_guiada,0.4964,0.4480,derecha
2026-09-20 22:25:20,d5a6a3d4-c58a-44e7-a055-e43163416658,Participante 1,sesion_guiada,0.5161,0.4652,derecha
2026-09-20 22:25:21,d5a6a3d4-c58a-44e7-a055-e43163416658,Participante 1,sesion_guiada,0.4931,0.4718,derecha
2026-09-20 22:25:22,d5a6a3d4-c58a-44e7-a055-e43163416658,Participante 1,sesion_guiada,0.4733,0.4601,derecha
2026-09-20 22:25:24,d5a6a3d4-c58a-44e7-a055-e43163416658,Participante 1,sesion_guiada,0.5000,0.4660,derecha
2026-09-20 22:25:25,d5a6a3d4-c58a-44e7-a055-e43163416658,Participante 1,sesion_guiada,0.4843,0.4614,derecha
2026-09-20 22:25:26,d5a6a3d4-c58a-44e7-a055-e43163416658,Participante 1,sesion_guiada,0.4870,0.4674,derecha
2026-09-20 22:25:27,d5a6a3d4-c58a-44e7-a055-e43163416658,Participante 1,sesion_guiada,0.4848,0.3818,izquierda
2026-09-20 22:25:28,d5a6a3d4-c58a-44e7-a055-e43163416658,Participante 1,sesion_guiada,0.5225,0.4429,izquierda
2026-09-20 22:25:29,d5a6a3d4-c58a-44e7-a055-e43163416658,Participante 1,sesion_guiada,0.5719,0.4516,izquierda
2026-09-20 22:25:31,d5a6a3d4-c58a-44e7-a055-e43163416658,Participante 1,sesion_guiada,0.4920,0.4529,izquierda
2026-09-20 22:25:32,d5a6a3d4-c58a-44e7-a055-e43163416658,Participante 1,sesion_guiada,0.5990,0.4628,izquierda
2026-09-20 22:25:33,d5a6a3d4-c58a-44e7-a055-e43163416658,Participante 1,sesion_guiada,0.5618,0.4516,izquierda
2026-09-20 22:25:34,d5a6a3d4-c58a-44e7-a055-e43163416658,Participante 1,sesion_guiada,0.5716,0.4551,izquierda
2026-09-20 22:25:35,d5a6a3d4-c58a-44e7-a055-e43163416658,Participante 1,sesion_guiada,0.5691,0.4637,derecha
2026-09-20 22:25:36,d5a6a3d4-c58a-44e7-a055-e43163416658,Participante 1,sesion_guiada,0.4940,0.4536,derecha
2026-09-20 22:25:38,d5a6a3d4-c58a-44e7-a055-e43163416658,Participante 1,sesion_guiada,0.4954,0.4744,derecha
2026-09-20 22:25:39,d5a6a3d4-c58a-44e7-a055-e43163416658,Participante 1,sesion_guiada,0.4896,0.4685,derecha
2026-09-20 22:25:40,d5a6a3d4-c58a-44e7-a055-e43163416658,Participante 1,sesion_guiada,0.4677,0.4616,derecha
2026-09-20 22:25:41,d5a6a3d4-c58a-44e7-a055-e43163416658,Participante 1,sesion_guiada,0.4881,0.4651,derecha
2026-09-20 22:25:42,d5a6a3d4-c58a-44e7-a055-e43163416658,Participante 1,sesion_guiada,0.4808,0.4773,derecha
2026-09-20 22:25:43,d5a6a3d4-c58a-44e7-a055-e43163416658,Participante 1,sesion_guiada,0.4856,0.4695,derecha
2026-09-20 22:25:45,d5a6a3d4-c58a-44e7-a055-e43163416658,Participante 1,sesion_guiada,0.4780,0.4726,derecha
2026-09-20 22:25:46,d5a6a3d4-c58a-44e7-a055-e43163416658,Participante 1,sesion_guiada,0.4752,0.4600,derecha
2026-09-20 22:25:47,d5a6a3d4-c58a-44e7-a055-e43163416658,Participante 1,sesion_guiada,0.4877,0.4641,derecha
2026-09-20 22:25:48,d5a6a3d4-c58a-44e7-a055-e43163416658,Participante 1,sesion_guiada,0.5119,0.4578,derecha
2026-09-20 22:25:49,d5a6a3d4-c58a-44e7-a055-e43163416658,Participante 1,sesion_guiada,0.5273,0.4461,izquierda
2026-09-20 22:25:50,d5a6a3d4-c58a-44e7-a055-e43163416658,Participante 1,sesion_guiada,0.5178,0.4519,izquierda
2026-09-20 22:25:52,d5a6a3d4-c58a-44e7-a055-e43163416658,Participante 1,sesion_guiada,0.5923,0.4805,izquierda
2026-09-20 22:25:53,d5a6a3d4-c58a-44e7-a055-e43163416658,Participante 1,sesion_guiada,0.5406,0.4424,izquierda
2026-09-20 22:25:54,d5a6a3d4-c58a-44e7-a055-e43163416658,Participante 1,sesion_guiada,0.5464,0.4635,izquierda
2026-09-20 22:25:55,d5a6a3d4-c58a-44e7-a055-e43163416658,Participante 1,sesion_guiada,0.5151,0.4731,izquierda
2026-09-20 22:25:56,d5a6a3d4-c58a-44e7-a055-e43163416658,Participante 1,sesion_guiada,0.5656,0.4744,izquierda
2026-09-20 22:25:57,d5a6a3d4-c58a-44e7-a055-e43163416658,Participante 1,sesion_guiada,0.5953,0.4549,izquierda
2026-09-20 22:25:59,d5a6a3d4-c58a-44e7-a055-e43163416658,Participante 1,sesion_guiada,0.5363,0.4826,izquierda
2026-09-20 22:26:00,d5a6a3d4-c58a-44e7-a055-e43163416658,Participante 1,sesion_guiada,0.4835,0.4301,izquierda
2026-09-20 22:26:01,d5a6a3d4-c58a-44e7-a055-e43163416658,Participante 1,sesion_guiada,0.5410,0.4570,izquierda
2026-09-20 22:26:02,d5a6a3d4-c58a-44e7-a055-e43163416658,Participante 1,sesion_guiada,0.5056,0.4672,izquierda
2026-09-20 22:26:03,d5a6a3d4-c58a-44e7-a055-e43163416658,Participante 1,sesion_guiada,0.5865,0.4681,izquierda
2026-09-20 22:26:04,d5a6a3d4-c58a-44e7-a055-e43163416658,Participante 1,sesion_guiada,0.5619,0.4791,izquierda
2026-09-20 22:26:06,d5a6a3d4-c58a-44e7-a055-e43163416658,Participante 1,sesion_guiada,0.5815,0.4686,izquierda
2026-09-20 22:26:07,d5a6a3d4-c58a-44e7-a055-e43163416658,Participante 1,sesion_guiada,0.5675,0.4562,izquierda
2026-09-20 22:26:08,d5a6a3d4-c58a-44e7-a055-e43163416658,Participante 1,sesion_guiada,0.6083,0.4631,izquierda
2026-09-20 22:26:09,d5a6a3d4-c58a-44e7-a055-e43163416658,Participante 1,sesion_guiada,0.5969,0.4728,izquierda
2026-09-20 22:26:10,d5a6a3d4-c58a-44e7-a055-e43163416658,Participante 1,sesion_guiada,0.5836,0.4610,izquierda
2026-09-20 22:26:11,d5a6a3d4-c58a-44e7-a055-e43163416658,Participante 1,sesion_guiada,0.5695,0.4705,izquierda
2026-09-20 22:26:13,d5a6a3d4-c58a-44e7-a055-e43163416658,Participante 1,sesion_guiada,0.5807,0.4595,izquierda
2026-09-20 22:26:14,d5a6a3d4-c58a-44e7-a055-e43163416658,Participante 1,sesion_guiada,0.5976,0.4622,izquierda
2026-09-20 22:26:15,d5a6a3d4-c58a-44e7-a055-e43163416658,Participante 1,sesion_guiada,0.4703,0.4552,derecha
2026-09-20 22:26:16,d5a6a3d4-c58a-44e7-a055-e43163416658,Participante 1,sesion_guiada,0.4722,0.4530,derecha
2026-09-20 22:26:17,d5a6a3d4-c58a-44e7-a055-e43163416658,Participante 1,sesion_guiada,0.4680,0.4492,derecha
2026-09-20 22:26:18,d5a6a3d4-c58a-44e7-a055-e43163416658,Participante 1,sesion_guiada,0.4583,0.4711,derecha
2026-09-20 22:26:20,d5a6a3d4-c58a-44e7-a055-e43163416658,Participante 1,sesion_guiada,0.4907,0.4585,derecha
2026-09-20 22:26:21,d5a6a3d4-c58a-44e7-a055-e43163416658,Participante 1,sesion_guiada,0.4855,0.4382,derecha
2026-09-20 22:26:22,d5a6a3d4-c58a-44e7-a055-e43163416658,Participante 1,sesion_guiada,0.4935,0.4442,derecha
2026-09-20 22:26:23,d5a6a3d4-c58a-44e7-a055-e43163416658,Participante 1,sesion_guiada,0.4835,0.4650,derecha
2026-09-20 22:26:24,d5a6a3d4-c58a-44e7-a055-e43163416658,Participante 1,sesion_guiada,0.4887,0.4532,derecha
2026-09-20 22:26:25,d5a6a3d4-c58a-44e7-a055-e43163416658,Participante 1,sesion_guiada,0.4895,0.4611,derecha
2026-09-20 22:26:27,d5a6a3d4-c58a-44e7-a055-e43163416658,Participante 1,sesion_guiada,0.4776,0.4887,izquierda
2026-09-20 22:26:28,d5a6a3d4-c58a-44e7-a055-e43163416658,Participante 1,sesion_guiada,0.4825,0.4523,derecha
2026-09-20 22:26:29,d5a6a3d4-c58a-44e7-a055-e43163416658,Participante 1,sesion_guiada,0.4737,0.4517,derecha
2026-09-20 22:26:30,d5a6a3d4-c58a-44e7-a055-e43163416658,Participante 1,sesion_guiada,0.5046,0.4722,derecha
2026-09-20 22:26:31,d5a6a3d4-c58a-44e7-a055-e43163416658,Participante 1,sesion_guiada,0.4733,0.4297,izquierda
2026-09-20 22:26:32,d5a6a3d4-c58a-44e7-a055-e43163416658,Participante 1,sesion_guiada,0.5777,0.4713,izquierda
2026-09-20 22:26:34,d5a6a3d4-c58a-44e7-a055-e43163416658,Participante 1,sesion_guiada,0.5572,0.4445,izquierda
2026-09-20 22:26:35,d5a6a3d4-c58a-44e7-a055-e43163416658,Participante 1,sesion_guiada,0.5782,0.4763,izquierda
2026-09-20 22:26:36,d5a6a3d4-c58a-44e7-a055-e43163416658,Participante 1,sesion_guiada,0.4768,0.4663,izquierda
2026-09-20 22:26:37,d5a6a3d4-c58a-44e7-a055-e43163416658,Participante 1,sesion_guiada,0.4746,0.4777,derecha
2026-09-20 22:26:38,d5a6a3d4-c58a-44e7-a055-e43163416658,Participante 1,sesion_guiada,0.4514,0.4875,derecha
2026-09-20 22:26:39,d5a6a3d4-c58a-44e7-a055-e43163416658,Participante 1,sesion_guiada,0.4466,0.4729,derecha
2026-09-20 22:26:41,d5a6a3d4-c58a-44e7-a055-e43163416658,Participante 1,sesion_guiada,0.4983,0.4717,izquierda
2026-09-20 22:26:42,d5a6a3d4-c58a-44e7-a055-e43163416658,Participante 1,sesion_guiada,0.4019,0.4644,derecha
2026-09-20 22:26:43,d5a6a3d4-c58a-44e7-a055-e43163416658,Participante 1,sesion_guiada,0.5585,0.4751,izquierda
2026-09-20 22:26:44,d5a6a3d4-c58a-44e7-a055-e43163416658,Participante 1,sesion_guiada,0.4006,0.4917,derecha
2026-09-20 22:26:45,d5a6a3d4-c58a-44e7-a055-e43163416658,Participante 1,sesion_guiada,0.3952,0.4804,derecha
2026-09-20 22:26:46,d5a6a3d4-c58a-44e7-a055-e43163416658,Participante 1,sesion_guiada,0.5566,0.4581,izquierda
2026-09-20 22:26:48,d5a6a3d4-c58a-44e7-a055-e43163416658,Participante 1,sesion_guiada,0.3907,0.4728,derecha
2026-09-20 22:26:49,d5a6a3d4-c58a-44e7-a055-e43163416658,Participante 1,sesion_guiada,0.4088,0.4732,derecha
2026-09-20 22:26:50,d5a6a3d4-c58a-44e7-a055-e43163416658,Participante 1,sesion_guiada,0.3838,0.4732,derecha
2026-09-20 22:26:51,d5a6a3d4-c58a-44e7-a055-e43163416658,Participante 1,sesion_guiada,0.3955,0.4796,derecha
2026-09-20 22:26:52,d5a6a3d4-c58a-44e7-a055-e43163416658,Participante 1,sesion_guiada,0.4003,0.4785,derecha
2026-09-20 22:26:53,d5a6a3d4-c58a-44e7-a055-e43163416658,Participante 1,sesion_guiada,0.5622,0.4591,izquierda
2026-09-20 22:26:55,d5a6a3d4-c58a-44e7-a055-e43163416658,Participante 1,sesion_guiada,0.3926,0.4765,derecha
2026-09-20 22:26:56,d5a6a3d4-c58a-44e7-a055-e43163416658,Participante 1,sesion_guiada,0.5152,0.4753,derecha
2026-09-20 22:26:57,d5a6a3d4-c58a-44e7-a055-e43163416658,Participante 1,sesion_guiada,0.5755,0.4624,izquierda
2026-09-20 22:26:58,d5a6a3d4-c58a-44e7-a055-e43163416658,Participante 1,sesion_guiada,0.5543,0.4577,izquierda
2026-09-20 22:26:59,d5a6a3d4-c58a-44e7-a055-e43163416658,Participante 1,sesion_guiada,0.5645,0.4755,izquierda
2026-09-20 22:27:00,d5a6a3d4-c58a-44e7-a055-e43163416658,Participante 1,sesion_guiada,0.5177,0.4421,izquierda
2026-09-20 22:27:02,d5a6a3d4-c58a-44e7-a055-e43163416658,Participante 1,sesion_guiada,0.5636,0.4223,izquierda
2026-09-20 22:27:03,d5a6a3d4-c58a-44e7-a055-e43163416658,Participante 1,sesion_guiada,0.5721,0.4616,izquierda
2026-09-20 22:27:04,d5a6a3d4-c58a-44e7-a055-e43163416658,Participante 1,sesion_guiada,0.5278,0.4005,izquierda
2026-09-20 22:27:05,d5a6a3d4-c58a-44e7-a055-e43163416658,Participante 1,sesion_guiada,0.5095,0.4335,izquierda
2026-09-20 22:27:06,d5a6a3d4-c58a-44e7-a055-e43163416658,Participante 1,sesion_guiada,0.5229,0.4299,izquierda
2026-09-20 22:27:07,d5a6a3d4-c58a-44e7-a055-e43163416658,Participante 1,sesion_guiada,0.5773,0.3995,izquierda
2026-09-20 22:27:09,d5a6a3d4-c58a-44e7-a055-e43163416658,Participante 1,sesion_guiada,0.6049,0.4324,izquierda
2026-09-20 22:27:10,d5a6a3d4-c58a-44e7-a055-e43163416658,Participante 1,sesion_guiada,0.5602,0.4240,izquierda
2026-09-20 22:27:11,d5a6a3d4-c58a-44e7-a055-e43163416658,Participante 1,sesion_guiada,0.5685,0.4265,izquierda
2026-09-20 22:27:12,d5a6a3d4-c58a-44e7-a055-e43163416658,Participante 1,sesion_guiada,0.5776,0.4360,izquierda
2026-09-20 22:27:13,d5a6a3d4-c58a-44e7-a055-e43163416658,Participante 1,sesion_guiada,0.5898,0.4281,izquierda
2026-09-20 22:27:14,d5a6a3d4-c58a-44e7-a055-e43163416658,Participante 1,sesion_guiada,0.5983,0.4176,izquierda
2026-09-20 22:27:16,d5a6a3d4-c58a-44e7-a055-e43163416658,Participante 1,sesion_guiada,0.5722,0.4296,izquierda
2026-09-20 22:27:17,d5a6a3d4-c58a-44e7-a055-e43163416658,Participante 1,sesion_guiada,0.5275,0.4398,izquierda
2026-09-20 22:27:18,d5a6a3d4-c58a-44e7-a055-e43163416658,Participante 1,sesion_guiada,0.5989,0.4425,izquierda
2026-09-20 22:27:19,d5a6a3d4-c58a-44e7-a055-e43163416658,Participante 1,sesion_guiada,0.5868,0.4444,izquierda
2026-09-20 22:27:20,d5a6a3d4-c58a-44e7-a055-e43163416658,Participante 1,sesion_guiada,0.5537,0.4398,izquierda
2026-09-20 22:27:21,d5a6a3d4-c58a-44e7-a055-e43163416658,Participante 1,sesion_guiada,0.5114,0.4232,izquierda
2026-09-20 22:27:23,d5a6a3d4-c58a-44e7-a055-e43163416658,Participante 1,sesion_guiada,0.5894,0.4357,izquierda
2026-09-20 22:27:24,d5a6a3d4-c58a-44e7-a055-e43163416658,Participante 1,sesion_guiada,0.5792,0.4400,izquierda
2026-09-20 22:27:25,d5a6a3d4-c58a-44e7-a055-e43163416658,Participante 1,sesion_guiada,0.5228,0.4063,izquierda
2026-09-20 22:27:26,d5a6a3d4-c58a-44e7-a055-e43163416658,Participante 1,sesion_guiada,0.5533,0.4639,izquierda
2026-09-20 22:27:27,d5a6a3d4-c58a-44e7-a055-e43163416658,Participante 1,sesion_guiada,0.5386,0.4413,izquierda
2026-09-20 22:27:28,d5a6a3d4-c58a-44e7-a055-e43163416658,Participante 1,sesion_guiada,0.5790,0.4632,izquierda
2026-09-20 22:27:30,d5a6a3d4-c58a-44e7-a055-e43163416658,Participante 1,sesion_guiada,0.5250,0.4885,izquierda
2026-09-20 22:27:31,d5a6a3d4-c58a-44e7-a055-e43163416658,Participante 1,sesion_guiada,0.5037,0.4521,izquierda
2026-09-20 22:27:32,d5a6a3d4-c58a-44e7-a055-e43163416658,Participante 1,sesion_guiada,0.4937,0.4656,izquierda
2026-09-20 22:27:33,d5a6a3d4-c58a-44e7-a055-e43163416658,Participante 1,sesion_guiada,0.5130,0.4599,izquierda
2026-09-20 22:27:34,d5a6a3d4-c58a-44e7-a055-e43163416658,Participante 1,sesion_guiada,0.5543,0.4756,izquierda
2026-09-20 22:27:35,d5a6a3d4-c58a-44e7-a055-e43163416658,Participante 1,sesion_guiada,0.5217,0.4602,izquierda
2026-09-20 22:27:37,d5a6a3d4-c58a-44e7-a055-e43163416658,Participante 1,sesion_guiada,0.5183,0.4386,izquierda
2026-09-20 22:27:38,d5a6a3d4-c58a-44e7-a055-e43163416658,Participante 1,sesion_guiada,0.5174,0.4364,izquierda
2026-09-20 22:27:39,d5a6a3d4-c58a-44e7-a055-e43163416658,Participante 1,sesion_guiada,0.5146,0.4661,izquierda
2026-09-20 22:27:40,d5a6a3d4-c58a-44e7-a055-e43163416658,Participante 1,sesion_guiada,0.5083,0.4501,izquierda
2026-09-20 22:27:41,d5a6a3d4-c58a-44e7-a055-e43163416658,Participante 1,sesion_guiada,0.4077,0.4675,derecha
2026-09-20 22:27:42,d5a6a3d4-c58a-44e7-a055-e43163416658,Participante 1,sesion_guiada,0.5432,0.4545,izquierda
2026-09-20 22:27:44,d5a6a3d4-c58a-44e7-a055-e43163416658,Participante 1,sesion_guiada,0.4075,0.4839,derecha
2026-09-20 22:27:45,d5a6a3d4-c58a-44e7-a055-e43163416658,Participante 1,sesion_guiada,0.5409,0.4564,izquierda
2026-09-20 22:27:46,d5a6a3d4-c58a-44e7-a055-e43163416658,Participante 1,sesion_guiada,0.4414,0.4493,derecha
2026-09-20 22:27:47,d5a6a3d4-c58a-44e7-a055-e43163416658,Participante 1,sesion_guiada,0.5001,0.4814,izquierda
2026-09-20 22:27:48,d5a6a3d4-c58a-44e7-a055-e43163416658,Participante 1,sesion_guiada,0.3906,0.4733,derecha
2026-09-20 22:27:49,d5a6a3d4-c58a-44e7-a055-e43163416658,Participante 1,sesion_guiada,0.3972,0.4752,derecha
2026-09-20 22:27:51,d5a6a3d4-c58a-44e7-a055-e43163416658,Participante 1,sesion_guiada,0.5206,0.4814,izquierda
2026-09-20 22:27:52,d5a6a3d4-c58a-44e7-a055-e43163416658,Participante 1,sesion_guiada,0.5291,0.4746,izquierda
2026-09-20 22:27:54,d5a6a3d4-c58a-44e7-a055-e43163416658,Participante 1,sesion_guiada,0.5339,0.4897,izquierda
2026-09-20 22:27:55,d5a6a3d4-c58a-44e7-a055-e43163416658,Participante 1,sesion_guiada,0.5385,0.4454,izquierda
2026-09-20 22:27:56,d5a6a3d4-c58a-44e7-a055-e43163416658,Participante 1,sesion_guiada,0.4789,0.4619,derecha
2026-09-20 22:27:58,d5a6a3d4-c58a-44e7-a055-e43163416658,Participante 1,sesion_guiada,0.4988,0.4721,derecha
2026-09-20 22:27:59,d5a6a3d4-c58a-44e7-a055-e43163416658,Participante 1,sesion_guiada,0.5109,0.4550,izquierda
2026-09-20 22:28:00,d5a6a3d4-c58a-44e7-a055-e43163416658,Participante 1,sesion_guiada,0.5393,0.4658,izquierda
2026-09-20 22:28:01,d5a6a3d4-c58a-44e7-a055-e43163416658,Participante 1,sesion_guiada,0.5622,0.4367,derecha
2026-09-20 22:28:02,d5a6a3d4-c58a-44e7-a055-e43163416658,Participante 1,sesion_guiada,0.4745,0.4487,izquierda
2026-09-20 22:28:03,d5a6a3d4-c58a-44e7-a055-e43163416658,Participante 1,sesion_guiada,0.5288,0.4593,izquierda
2026-09-20 22:28:05,d5a6a3d4-c58a-44e7-a055-e43163416658,Participante 1,sesion_guiada,0.5465,0.4492,izquierda
2026-09-20 22:28:06,d5a6a3d4-c58a-44e7-a055-e43163416658,Participante 1,sesion_guiada,0.4748,0.4249,derecha
2026-09-20 22:28:07,d5a6a3d4-c58a-44e7-a055-e43163416658,Participante 1,sesion_guiada,0.5236,0.4491,izquierda
2026-09-20 22:28:08,d5a6a3d4-c58a-44e7-a055-e43163416658,Participante 1,sesion_guiada,0.5135,0.4289,izquierda
2026-09-20 22:28:09,d5a6a3d4-c58a-44e7-a055-e43163416658,Participante 1,sesion_guiada,0.5062,0.4550,izquierda
2026-09-20 22:28:10,d5a6a3d4-c58a-44e7-a055-e43163416658,Participante 1,sesion_guiada,0.4939,0.4546,izquierda
2026-09-20 22:28:12,d5a6a3d4-c58a-44e7-a055-e43163416658,Participante 1,sesion_guiada,0.5830,0.4512,izquierda
2026-09-20 22:28:13,d5a6a3d4-c58a-44e7-a055-e43163416658,Participante 1,sesion_guiada,0.4958,0.4587,izquierda
2026-09-20 22:28:14,d5a6a3d4-c58a-44e7-a055-e43163416658,Participante 1,sesion_guiada,0.5527,0.4695,izquierda
2026-09-20 22:28:15,d5a6a3d4-c58a-44e7-a055-e43163416658,Participante 1,sesion_guiada,0.4935,0.4327,derecha
2026-09-20 22:28:16,d5a6a3d4-c58a-44e7-a055-e43163416658,Participante 1,sesion_guiada,0.5655,0.4600,izquierda
2026-09-20 22:28:17,d5a6a3d4-c58a-44e7-a055-e43163416658,Participante 1,sesion_guiada,0.5170,0.4690,izquierda
2026-09-20 22:28:19,d5a6a3d4-c58a-44e7-a055-e43163416658,Participante 1,sesion_guiada,0.4812,0.4212,izquierda
2026-09-20 22:28:20,d5a6a3d4-c58a-44e7-a055-e43163416658,Participante 1,sesion_guiada,0.4763,0.4561,derecha
2026-09-20 22:28:21,d5a6a3d4-c58a-44e7-a055-e43163416658,Participante 1,sesion_guiada,0.5075,0.4567,izquierda
2026-09-20 22:28:22,d5a6a3d4-c58a-44e7-a055-e43163416658,Participante 1,sesion_guiada,0.4703,0.4332,derecha
2026-09-20 22:28:23,d5a6a3d4-c58a-44e7-a055-e43163416658,Participante 1,sesion_guiada,0.5031,0.4511,izquierda
2026-09-20 22:28:24,d5a6a3d4-c58a-44e7-a055-e43163416658,Participante 1,sesion_guiada,0.4738,0.4369,izquierda
2026-09-20 22:28:26,d5a6a3d4-c58a-44e7-a055-e43163416658,Participante 1,sesion_guiada,0.5343,0.4586,derecha
2026-09-20 22:28:27,d5a6a3d4-c58a-44e7-a055-e43163416658,Participante 1,sesion_guiada,0.5011,0.4606,izquierda
2026-09-20 22:28:28,d5a6a3d4-c58a-44e7-a055-e43163416658,Participante 1,sesion_guiada,0.5187,0.4492,derecha
2026-09-20 22:28:29,d5a6a3d4-c58a-44e7-a055-e43163416658,Participante 1,sesion_guiada,0.5076,0.4494,izquierda
2026-09-20 22:28:30,d5a6a3d4-c58a-44e7-a055-e43163416658,Participante 1,sesion_guiada,0.4442,0.4447,derecha
2026-09-20 22:28:31,d5a6a3d4-c58a-44e7-a055-e43163416658,Participante 1,sesion_guiada,0.5062,0.4607,derecha
2026-09-20 22:28:33,d5a6a3d4-c58a-44e7-a055-e43163416658,Participante 1,sesion_guiada,0.5132,0.4650,izquierda
2026-09-20 22:28:34,d5a6a3d4-c58a-44e7-a055-e43163416658,Participante 1,sesion_guiada,0.4983,0.4649,derecha
2026-09-20 22:28:35,d5a6a3d4-c58a-44e7-a055-e43163416658,Participante 1,sesion_guiada,0.5070,0.4390,izquierda
2026-09-20 22:28:36,d5a6a3d4-c58a-44e7-a055-e43163416658,Participante 1,sesion_guiada,0.4902,0.4385,derecha
2026-09-20 22:28:37,d5a6a3d4-c58a-44e7-a055-e43163416658,Participante 1,sesion_guiada,0.4771,0.4496,izquierda
2026-09-20 22:28:38,d5a6a3d4-c58a-44e7-a055-e43163416658,Participante 1,sesion_guiada,0.5107,0.4421,izquierda
2026-09-20 22:28:40,d5a6a3d4-c58a-44e7-a055-e43163416658,Participante 1,sesion_guiada,0.4487,0.4427,derecha
2026-09-20 22:28:41,d5a6a3d4-c58a-44e7-a055-e43163416658,Participante 1,sesion_guiada,0.4872,0.3675,derecha
2026-09-20 22:28:42,d5a6a3d4-c58a-44e7-a055-e43163416658,Participante 1,sesion_guiada,0.4894,0.3651,derecha
2026-09-20 22:28:43,d5a6a3d4-c58a-44e7-a055-e43163416658,Participante 1,sesion_guiada,0.4866,0.4706,derecha
2026-09-20 22:28:44,d5a6a3d4-c58a-44e7-a055-e43163416658,Participante 1,sesion_guiada,0.4829,0.3845,izquierda
2026-09-20 22:28:45,d5a6a3d4-c58a-44e7-a055-e43163416658,Participante 1,sesion_guiada,0.4944,0.3928,derecha
2026-09-20 22:28:47,d5a6a3d4-c58a-44e7-a055-e43163416658,Participante 1,sesion_guiada,0.4920,0.3395,derecha
2026-09-20 22:28:48,d5a6a3d4-c58a-44e7-a055-e43163416658,Participante 1,sesion_guiada,0.5498,0.4664,izquierda
2026-09-20 22:28:49,d5a6a3d4-c58a-44e7-a055-e43163416658,Participante 1,sesion_guiada,0.5324,0.4922,derecha
2026-09-20 22:28:50,d5a6a3d4-c58a-44e7-a055-e43163416658,Participante 1,sesion_guiada,0.4367,0.4228,derecha
2026-09-20 22:28:51,d5a6a3d4-c58a-44e7-a055-e43163416658,Participante 1,sesion_guiada,0.5398,0.4504,izquierda
2026-09-20 22:28:52,d5a6a3d4-c58a-44e7-a055-e43163416658,Participante 1,sesion_guiada,0.5332,0.4628,izquierda
2026-09-20 22:28:54,d5a6a3d4-c58a-44e7-a055-e43163416658,Participante 1,sesion_guiada,0.5187,0.4565,izquierda
2026-09-20 22:28:55,d5a6a3d4-c58a-44e7-a055-e43163416658,Participante 1,sesion_guiada,0.5609,0.4935,izquierda
2026-09-20 22:28:56,d5a6a3d4-c58a-44e7-a055-e43163416658,Participante 1,sesion_guiada,0.5394,0.4873,izquierda
2026-09-20 22:28:57,d5a6a3d4-c58a-44e7-a055-e43163416658,Participante 1,sesion_guiada,0.5278,0.4696,izquierda
2026-09-20 22:28:58,d5a6a3d4-c58a-44e7-a055-e43163416658,Participante 1,sesion_guiada,0.4768,0.4506,izquierda
2026-09-20 22:28:59,d5a6a3d4-c58a-44e7-a055-e43163416658,Participante 1,sesion_guiada,0.5090,0.4573,izquierda
2026-09-20 22:29:01,d5a6a3d4-c58a-44e7-a055-e43163416658,Participante 1,sesion_guiada,0.5354,0.4807,izquierda
2026-09-20 22:29:02,d5a6a3d4-c58a-44e7-a055-e43163416658,Participante 1,sesion_guiada,0.5252,0.4756,izquierda
2026-09-20 22:29:03,d5a6a3d4-c58a-44e7-a055-e43163416658,Participante 1,sesion_guiada,0.5415,0.4743,izquierda
2026-09-20 22:29:04,d5a6a3d4-c58a-44e7-a055-e43163416658,Participante 1,sesion_guiada,0.4226,0.4392,derecha
2026-09-20 22:29:05,d5a6a3d4-c58a-44e7-a055-e43163416658,Participante 1,sesion_guiada,0.4272,0.4431,derecha
2026-09-20 22:29:06,d5a6a3d4-c58a-44e7-a055-e43163416658,Participante 1,sesion_guiada,0.5491,0.4849,izquierda
2026-09-20 22:29:08,d5a6a3d4-c58a-44e7-a055-e43163416658,Participante 1,sesion_guiada,0.5496,0.4804,izquierda
2026-09-20 22:29:09,d5a6a3d4-c58a-44e7-a055-e43163416658,Participante 1,sesion_guiada,0.5498,0.4684,izquierda
2026-09-20 22:29:10,d5a6a3d4-c58a-44e7-a055-e43163416658,Participante 1,sesion_guiada,0.4415,0.4300,derecha
2026-09-20 22:29:11,d5a6a3d4-c58a-44e7-a055-e43163416658,Participante 1,sesion_guiada,0.4433,0.4357,derecha
2026-09-20 22:29:12,d5a6a3d4-c58a-44e7-a055-e43163416658,Participante 1,sesion_guiada,0.4589,0.4356,derecha
2026-09-20 22:29:13,d5a6a3d4-c58a-44e7-a055-e43163416658,Participante 1,sesion_guiada,0.4803,0.4301,derecha
2026-09-20 22:29:15,d5a6a3d4-c58a-44e7-a055-e43163416658,Participante 1,sesion_guiada,0.4267,0.4377,derecha
2026-09-20 22:29:16,d5a6a3d4-c58a-44e7-a055-e43163416658,Participante 1,sesion_guiada,0.4632,0.4256,derecha
2026-09-20 22:29:17,d5a6a3d4-c58a-44e7-a055-e43163416658,Participante 1,sesion_guiada,0.4542,0.4291,derecha
2026-09-20 22:29:18,d5a6a3d4-c58a-44e7-a055-e43163416658,Participante 1,sesion_guiada,0.4578,0.4374,derecha
2026-09-20 22:29:19,d5a6a3d4-c58a-44e7-a055-e43163416658,Participante 1,sesion_guiada,0.4799,0.4487,derecha
2026-09-20 22:29:20,d5a6a3d4-c58a-44e7-a055-e43163416658,Participante 1,sesion_guiada,0.4652,0.4477,derecha
2026-09-20 22:29:22,d5a6a3d4-c58a-44e7-a055-e43163416658,Participante 1,sesion_guiada,0.5099,0.4216,izquierda
2026-09-20 22:29:23,d5a6a3d4-c58a-44e7-a055-e43163416658,Participante 1,sesion_guiada,0.5074,0.4681,izquierda
2026-09-20 22:29:24,d5a6a3d4-c58a-44e7-a055-e43163416658,Participante 1,sesion_guiada,0.5316,0.4689,izquierda
2026-09-20 22:29:25,d5a6a3d4-c58a-44e7-a055-e43163416658,Participante 1,sesion_guiada,0.5126,0.4518,izquierda
2026-09-20 22:29:26,d5a6a3d4-c58a-44e7-a055-e43163416658,Participante 1,sesion_guiada,0.5264,0.4688,izquierda
2026-09-20 22:29:28,d5a6a3d4-c58a-44e7-a055-e43163416658,Participante 1,sesion_guiada,0.5279,0.4716,izquierda
2026-09-20 22:29:29,d5a6a3d4-c58a-44e7-a055-e43163416658,Participante 1,sesion_guiada,0.5055,0.4567,izquierda
2026-09-20 22:29:30,d5a6a3d4-c58a-44e7-a055-e43163416658,Participante 1,sesion_guiada,0.5235,0.4739,izquierda
2026-09-20 22:29:31,d5a6a3d4-c58a-44e7-a055-e43163416658,Participante 1,sesion_guiada,0.4269,0.4318,izquierda
2026-09-20 22:29:32,d5a6a3d4-c58a-44e7-a055-e43163416658,Participante 1,sesion_guiada,0.4491,0.4134,derecha
2026-09-20 22:29:33,d5a6a3d4-c58a-44e7-a055-e43163416658,Participante 1,sesion_guiada,0.5397,0.4595,izquierda
2026-09-20 22:29:35,d5a6a3d4-c58a-44e7-a055-e43163416658,Participante 1,sesion_guiada,0.4503,0.4493,derecha
2026-09-20 22:29:36,d5a6a3d4-c58a-44e7-a055-e43163416658,Participante 1,sesion_guiada,0.4582,0.4167,derecha
2026-09-20 22:29:37,d5a6a3d4-c58a-44e7-a055-e43163416658,Participante 1,sesion_guiada,0.4620,0.4216,derecha
2026-09-20 22:29:38,d5a6a3d4-c58a-44e7-a055-e43163416658,Participante 1,sesion_guiada,0.4508,0.4082,derecha
2026-09-20 22:29:39,d5a6a3d4-c58a-44e7-a055-e43163416658,Participante 1,sesion_guiada,0.4615,0.4337,derecha
2026-09-20 22:29:40,d5a6a3d4-c58a-44e7-a055-e43163416658,Participante 1,sesion_guiada,0.4674,0.4188,derecha
2026-09-20 22:29:41,d5a6a3d4-c58a-44e7-a055-e43163416658,Participante 1,sesion_guiada,0.4594,0.4372,derecha
2026-09-20 22:29:43,d5a6a3d4-c58a-44e7-a055-e43163416658,Participante 1,sesion_guiada,0.4600,0.4327,derecha
2026-09-20 22:29:44,d5a6a3d4-c58a-44e7-a055-e43163416658,Participante 1,sesion_guiada,0.4779,0.4260,derecha
2026-09-20 22:29:45,d5a6a3d4-c58a-44e7-a055-e43163416658,Participante 1,sesion_guiada,0.4931,0.4454,izquierda
2026-09-20 22:29:46,d5a6a3d4-c58a-44e7-a055-e43163416658,Participante 1,sesion_guiada,0.4986,0.4402,derecha
2026-09-20 22:29:47,d5a6a3d4-c58a-44e7-a055-e43163416658,Participante 1,sesion_guiada,0.5296,0.4663,izquierda
2026-09-20 22:29:49,d5a6a3d4-c58a-44e7-a055-e43163416658,Participante 1,sesion_guiada,0.5030,0.4203,izquierda
2026-09-20 22:29:50,d5a6a3d4-c58a-44e7-a055-e43163416658,Participante 1,sesion_guiada,0.5079,0.4709,izquierda
2026-09-20 22:29:51,d5a6a3d4-c58a-44e7-a055-e43163416658,Participante 1,sesion_guiada,0.5034,0.4271,izquierda
2026-09-20 22:29:52,d5a6a3d4-c58a-44e7-a055-e43163416658,Participante 1,sesion_guiada,0.3990,0.4405,izquierda
2026-09-20 22:29:53,d5a6a3d4-c58a-44e7-a055-e43163416658,Participante 1,sesion_guiada,0.4611,0.4382,derecha
2026-09-20 22:29:54,d5a6a3d4-c58a-44e7-a055-e43163416658,Participante 1,sesion_guiada,0.5424,0.4835,izquierda
2026-09-20 22:29:56,d5a6a3d4-c58a-44e7-a055-e43163416658,Participante 1,sesion_guiada,0.5402,0.4817,izquierda
2026-09-20 22:29:57,d5a6a3d4-c58a-44e7-a055-e43163416658,Participante 1,sesion_guiada,0.5349,0.4649,izquierda
2026-09-20 22:29:58,d5a6a3d4-c58a-44e7-a055-e43163416658,Participante 1,sesion_guiada,0.4928,0.4737,izquierda
2026-09-20 22:29:59,d5a6a3d4-c58a-44e7-a055-e43163416658,Participante 1,sesion_guiada,0.4967,0.4699,izquierda
2026-09-20 22:30:00,d5a6a3d4-c58a-44e7-a055-e43163416658,Participante 1,sesion_guiada,0.3788,0.4453,derecha
2026-09-20 22:30:01,d5a6a3d4-c58a-44e7-a055-e43163416658,Participante 1,sesion_guiada,0.4958,0.4495,izquierda
2026-09-20 22:30:03,d5a6a3d4-c58a-44e7-a055-e43163416658,Participante 1,sesion_guiada,0.5284,0.4366,izquierda
2026-09-20 22:30:04,d5a6a3d4-c58a-44e7-a055-e43163416658,Participante 1,sesion_guiada,0.5455,0.4527,izquierda
2026-09-20 22:30:05,d5a6a3d4-c58a-44e7-a055-e43163416658,Participante 1,sesion_guiada,0.5459,0.4429,izquierda
2026-09-20 22:30:06,d5a6a3d4-c58a-44e7-a055-e43163416658,Participante 1,sesion_guiada,0.5121,0.2279,izquierda
2026-09-20 22:30:07,d5a6a3d4-c58a-44e7-a055-e43163416658,Participante 1,sesion_guiada,0.5311,0.4462,izquierda
2026-09-20 22:30:08,d5a6a3d4-c58a-44e7-a055-e43163416658,Participante 1,sesion_guiada,0.5131,0.4410,izquierda
2026-09-20 22:30:10,d5a6a3d4-c58a-44e7-a055-e43163416658,Participante 1,sesion_guiada,0.4461,0.4303,derecha
2026-09-20 22:30:11,d5a6a3d4-c58a-44e7-a055-e43163416658,Participante 1,sesion_guiada,0.5508,0.4820,izquierda
2026-09-20 22:30:12,d5a6a3d4-c58a-44e7-a055-e43163416658,Participante 1,sesion_guiada,0.5341,0.3687,derecha
2026-09-20 22:30:13,d5a6a3d4-c58a-44e7-a055-e43163416658,Participante 1,sesion_guiada,0.5130,0.4864,izquierda
2026-09-20 22:30:14,d5a6a3d4-c58a-44e7-a055-e43163416658,Participante 1,sesion_guiada,0.5209,0.4718,izquierda
2026-09-20 22:30:15,d5a6a3d4-c58a-44e7-a055-e43163416658,Participante 1,sesion_guiada,0.4917,0.4477,izquierda
2026-09-20 22:30:17,d5a6a3d4-c58a-44e7-a055-e43163416658,Participante 1,sesion_guiada,0.5174,0.4604,izquierda
2026-09-20 22:30:18,d5a6a3d4-c58a-44e7-a055-e43163416658,Participante 1,sesion_guiada,0.5252,0.4555,izquierda
2026-09-20 22:30:19,d5a6a3d4-c58a-44e7-a055-e43163416658,Participante 1,sesion_guiada,0.5123,0.4579,izquierda
2026-09-20 22:30:20,d5a6a3d4-c58a-44e7-a055-e43163416658,Participante 1,sesion_guiada,0.4939,0.4502,izquierda
2026-09-20 22:30:21,d5a6a3d4-c58a-44e7-a055-e43163416658,Participante 1,sesion_guiada,0.5061,0.4415,izquierda
2026-09-20 22:30:22,d5a6a3d4-c58a-44e7-a055-e43163416658,Participante 1,sesion_guiada,0.4639,0.4355,derecha
2026-09-20 22:30:24,d5a6a3d4-c58a-44e7-a055-e43163416658,Participante 1,sesion_guiada,0.5433,0.4785,izquierda
2026-09-20 22:30:25,d5a6a3d4-c58a-44e7-a055-e43163416658,Participante 1,sesion_guiada,0.4961,0.4573,derecha
2026-09-20 22:30:26,d5a6a3d4-c58a-44e7-a055-e43163416658,Participante 1,sesion_guiada,0.5229,0.4771,izquierda
2026-09-20 22:30:27,d5a6a3d4-c58a-44e7-a055-e43163416658,Participante 1,sesion_guiada,0.5078,0.4645,izquierda
2026-09-20 22:30:28,d5a6a3d4-c58a-44e7-a055-e43163416658,Participante 1,sesion_guiada,0.4759,0.4451,izquierda
2026-09-20 22:30:29,d5a6a3d4-c58a-44e7-a055-e43163416658,Participante 1,sesion_guiada,0.5172,0.4383,izquierda
2026-09-20 22:30:31,d5a6a3d4-c58a-44e7-a055-e43163416658,Participante 1,sesion_guiada,0.5329,0.4691,izquierda
2026-09-20 22:30:32,d5a6a3d4-c58a-44e7-a055-e43163416658,Participante 1,sesion_guiada,0.5184,0.0000,izquierda
2026-09-20 22:30:33,d5a6a3d4-c58a-44e7-a055-e43163416658,Participante 1,sesion_guiada,0.5034,0.4800,izquierda
2026-09-20 22:30:34,d5a6a3d4-c58a-44e7-a055-e43163416658,Participante 1,sesion_guiada,0.4554,0.4838,izquierda
2026-09-20 22:30:35,d5a6a3d4-c58a-44e7-a055-e43163416658,Participante 1,sesion_guiada,0.4878,0.3922,derecha
2026-09-20 22:30:36,d5a6a3d4-c58a-44e7-a055-e43163416658,Participante 1,sesion_guiada,0.4980,0.4185,derecha
2026-09-20 22:30:38,d5a6a3d4-c58a-44e7-a055-e43163416658,Participante 1,sesion_guiada,0.4526,0.4754,derecha
2026-09-20 22:30:39,d5a6a3d4-c58a-44e7-a055-e43163416658,Participante 1,sesion_guiada,0.5680,0.4962,izquierda
2026-09-20 22:30:40,d5a6a3d4-c58a-44e7-a055-e43163416658,Participante 1,sesion_guiada,0.5351,0.4731,izquierda
2026-09-20 22:30:41,d5a6a3d4-c58a-44e7-a055-e43163416658,Participante 1,sesion_guiada,0.5461,0.4754,izquierda
2026-09-20 22:30:42,d5a6a3d4-c58a-44e7-a055-e43163416658,Participante 1,sesion_guiada,0.4479,0.4686,izquierda
2026-09-20 22:30:43,d5a6a3d4-c58a-44e7-a055-e43163416658,Participante 1,sesion_guiada,0.4792,0.5171,derecha
2026-09-20 22:30:45,d5a6a3d4-c58a-44e7-a055-e43163416658,Participante 1,sesion_guiada,0.4898,0.4797,derecha
2026-09-20 22:30:46,d5a6a3d4-c58a-44e7-a055-e43163416658,Participante 1,sesion_guiada,0.4884,0.3779,derecha
2026-09-20 22:30:47,d5a6a3d4-c58a-44e7-a055-e43163416658,Participante 1,sesion_guiada,0.4777,0.4773,derecha
2026-09-20 22:30:48,d5a6a3d4-c58a-44e7-a055-e43163416658,Participante 1,sesion_guiada,0.4908,0.4648,derecha
2026-09-20 22:30:49,d5a6a3d4-c58a-44e7-a055-e43163416658,Participante 1,sesion_guiada,0.4791,0.4600,derecha
2026-09-20 22:30:50,d5a6a3d4-c58a-44e7-a055-e43163416658,Participante 1,sesion_guiada,0.4883,0.4565,derecha
2026-09-20 22:30:52,d5a6a3d4-c58a-44e7-a055-e43163416658,Participante 1,sesion_guiada,0.4840,0.4558,derecha
2026-09-20 22:30:53,d5a6a3d4-c58a-44e7-a055-e43163416658,Participante 1,sesion_guiada,0.4826,0.4729,derecha
2026-09-20 22:30:54,d5a6a3d4-c58a-44e7-a055-e43163416658,Participante 1,sesion_guiada,0.4936,0.4737,derecha
2026-09-20 22:30:55,d5a6a3d4-c58a-44e7-a055-e43163416658,Participante 1,sesion_guiada,0.5477,0.5069,izquierda
2026-09-20 22:30:56,d5a6a3d4-c58a-44e7-a055-e43163416658,Participante 1,sesion_guiada,0.5238,0.4587,izquierda
2026-09-20 22:30:57,d5a6a3d4-c58a-44e7-a055-e43163416658,Participante 1,sesion_guiada,0.4722,0.4588,derecha
2026-09-20 22:30:59,d5a6a3d4-c58a-44e7-a055-e43163416658,Participante 1,sesion_guiada,0.3635,0.4845,derecha
2026-09-20 22:31:00,d5a6a3d4-c58a-44e7-a055-e43163416658,Participante 1,sesion_guiada,0.3945,0.4811,derecha
2026-09-20 22:31:01,d5a6a3d4-c58a-44e7-a055-e43163416658,Participante 1,sesion_guiada,0.5369,0.4856,izquierda
2026-09-20 22:31:02,d5a6a3d4-c58a-44e7-a055-e43163416658,Participante 1,sesion_guiada,0.3740,0.4769,derecha
2026-09-20 22:31:03,d5a6a3d4-c58a-44e7-a055-e43163416658,Participante 1,sesion_guiada,0.3676,0.4834,derecha
2026-09-20 22:31:04,d5a6a3d4-c58a-44e7-a055-e43163416658,Participante 1,sesion_guiada,0.5223,0.4800,izquierda
2026-09-20 22:31:06,d5a6a3d4-c58a-44e7-a055-e43163416658,Participante 1,sesion_guiada,0.5359,0.4832,izquierda
2026-09-20 22:31:07,d5a6a3d4-c58a-44e7-a055-e43163416658,Participante 1,sesion_guiada,0.5329,0.4695,izquierda
2026-09-20 22:31:08,d5a6a3d4-c58a-44e7-a055-e43163416658,Participante 1,sesion_guiada,0.4808,0.2846,derecha
2026-09-20 22:31:09,d5a6a3d4-c58a-44e7-a055-e43163416658,Participante 1,sesion_guiada,0.5129,0.4651,izquierda
2026-09-20 22:31:10,d5a6a3d4-c58a-44e7-a055-e43163416658,Participante 1,sesion_guiada,0.5328,0.4665,izquierda
2026-09-20 22:31:11,d5a6a3d4-c58a-44e7-a055-e43163416658,Participante 1,sesion_guiada,0.5113,0.4506,izquierda
2026-09-20 22:31:13,d5a6a3d4-c58a-44e7-a055-e43163416658,Participante 1,sesion_guiada,0.4734,0.3445,derecha
2026-09-20 22:31:14,d5a6a3d4-c58a-44e7-a055-e43163416658,Participante 1,sesion_guiada,0.5338,0.4812,izquierda
2026-09-20 22:31:15,d5a6a3d4-c58a-44e7-a055-e43163416658,Participante 1,sesion_guiada,0.4855,0.4560,izquierda
2026-09-20 22:31:16,d5a6a3d4-c58a-44e7-a055-e43163416658,Participante 1,sesion_guiada,0.5284,0.4783,izquierda
2026-09-20 22:31:17,d5a6a3d4-c58a-44e7-a055-e43163416658,Participante 1,sesion_guiada,0.5193,0.4535,izquierda
2026-09-20 22:31:18,d5a6a3d4-c58a-44e7-a055-e43163416658,Participante 1,sesion_guiada,0.4291,0.4792,derecha
2026-09-20 22:31:20,d5a6a3d4-c58a-44e7-a055-e43163416658,Participante 1,sesion_guiada,0.4022,0.5387,derecha
2026-09-20 22:31:21,d5a6a3d4-c58a-44e7-a055-e43163416658,Participante 1,sesion_guiada,0.5383,0.4721,izquierda
2026-09-20 22:31:22,d5a6a3d4-c58a-44e7-a055-e43163416658,Participante 1,sesion_guiada,0.4178,0.4757,derecha
2026-09-20 22:31:23,d5a6a3d4-c58a-44e7-a055-e43163416658,Participante 1,sesion_guiada,0.4608,0.4483,derecha
2026-09-20 22:31:24,d5a6a3d4-c58a-44e7-a055-e43163416658,Participante 1,sesion_guiada,0.5337,0.4884,izquierda
2026-09-20 22:31:25,d5a6a3d4-c58a-44e7-a055-e43163416658,Participante 1,sesion_guiada,0.5285,0.4578,izquierda
2026-09-20 22:31:27,d5a6a3d4-c58a-44e7-a055-e43163416658,Participante 1,sesion_guiada,0.4918,0.3770,izquierda
2026-09-20 22:31:28,d5a6a3d4-c58a-44e7-a055-e43163416658,Participante 1,sesion_guiada,0.5093,0.4769,derecha
2026-09-20 22:31:29,d5a6a3d4-c58a-44e7-a055-e43163416658,Participante 1,sesion_guiada,0.4788,0.4555,derecha
2026-09-20 22:31:30,d5a6a3d4-c58a-44e7-a055-e43163416658,Participante 1,sesion_guiada,0.5564,0.4703,izquierda
2026-09-20 22:31:31,d5a6a3d4-c58a-44e7-a055-e43163416658,Participante 1,sesion_guiada,0.4934,0.3476,izquierda
2026-09-20 22:31:32,d5a6a3d4-c58a-44e7-a055-e43163416658,Participante 1,sesion_guiada,0.5421,0.4644,izquierda
2026-09-20 22:31:34,d5a6a3d4-c58a-44e7-a055-e43163416658,Participante 1,sesion_guiada,0.4738,0.4468,derecha
2026-09-20 22:31:35,d5a6a3d4-c58a-44e7-a055-e43163416658,Participante 1,sesion_guiada,0.4755,0.4535,izquierda
2026-09-20 22:31:36,d5a6a3d4-c58a-44e7-a055-e43163416658,Participante 1,sesion_guiada,0.4820,0.4622,izquierda
2026-09-20 22:31:37,d5a6a3d4-c58a-44e7-a055-e43163416658,Participante 1,sesion_guiada,0.5107,0.4821,izquierda
2026-09-20 22:31:38,d5a6a3d4-c58a-44e7-a055-e43163416658,Participante 1,sesion_guiada,0.5082,0.4478,derecha
2026-09-20 22:31:39,d5a6a3d4-c58a-44e7-a055-e43163416658,Participante 1,sesion_guiada,0.5187,0.4448,derecha
2026-09-20 22:31:41,d5a6a3d4-c58a-44e7-a055-e43163416658,Participante 1,sesion_guiada,0.4900,0.4621,derecha
2026-09-20 22:31:42,d5a6a3d4-c58a-44e7-a055-e43163416658,Participante 1,sesion_guiada,0.4994,0.4495,izquierda
2026-09-20 22:31:43,d5a6a3d4-c58a-44e7-a055-e43163416658,Participante 1,sesion_guiada,0.4840,0.2844,izquierda
2026-09-20 22:31:44,d5a6a3d4-c58a-44e7-a055-e43163416658,Participante 1,sesion_guiada,0.5535,0.4481,izquierda
2026-09-20 22:31:45,d5a6a3d4-c58a-44e7-a055-e43163416658,Participante 1,sesion_guiada,0.5434,0.4646,izquierda
2026-09-20 22:31:46,d5a6a3d4-c58a-44e7-a055-e43163416658,Participante 1,sesion_guiada,0.5594,0.4151,izquierda
2026-09-20 22:31:48,d5a6a3d4-c58a-44e7-a055-e43163416658,Participante 1,sesion_guiada,0.5156,0.4610,izquierda
2026-09-20 22:31:49,d5a6a3d4-c58a-44e7-a055-e43163416658,Participante 1,sesion_guiada,0.5027,0.4717,izquierda
2026-09-20 22:31:50,d5a6a3d4-c58a-44e7-a055-e43163416658,Participante 1,sesion_guiada,0.5124,0.4005,izquierda
2026-09-20 22:31:51,d5a6a3d4-c58a-44e7-a055-e43163416658,Participante 1,sesion_guiada,0.5130,0.3947,izquierda
2026-09-20 22:31:52,d5a6a3d4-c58a-44e7-a055-e43163416658,Participante 1,sesion_guiada,0.4854,0.4341,izquierda
2026-09-20 22:31:53,d5a6a3d4-c58a-44e7-a055-e43163416658,Participante 1,sesion_guiada,0.4837,0.4045,izquierda
2026-09-20 22:31:55,d5a6a3d4-c58a-44e7-a055-e43163416658,Participante 1,sesion_guiada,0.4959,0.3906,izquierda
2026-09-20 22:31:56,d5a6a3d4-c58a-44e7-a055-e43163416658,Participante 1,sesion_guiada,0.5181,0.3617,izquierda
2026-09-20 22:31:57,d5a6a3d4-c58a-44e7-a055-e43163416658,Participante 1,sesion_guiada,0.5241,0.4010,izquierda
2026-09-20 22:31:58,d5a6a3d4-c58a-44e7-a055-e43163416658,Participante 1,sesion_guiada,0.5356,0.4565,izquierda
2026-09-20 22:31:59,d5a6a3d4-c58a-44e7-a055-e43163416658,Participante 1,sesion_guiada,0.4672,0.4535,izquierda
2026-09-20 22:32:00,d5a6a3d4-c58a-44e7-a055-e43163416658,Participante 1,sesion_guiada,0.4334,0.4801,derecha
2026-09-20 22:32:02,d5a6a3d4-c58a-44e7-a055-e43163416658,Participante 1,sesion_guiada,0.5033,0.4699,izquierda
2026-09-20 22:32:03,d5a6a3d4-c58a-44e7-a055-e43163416658,Participante 1,sesion_guiada,0.5174,0.4995,derecha
2026-09-20 22:32:04,d5a6a3d4-c58a-44e7-a055-e43163416658,Participante 1,sesion_guiada,0.4933,0.4473,izquierda
2026-09-20 22:32:05,d5a6a3d4-c58a-44e7-a055-e43163416658,Participante 1,sesion_guiada,0.5010,0.4853,izquierda
2026-09-20 22:32:06,d5a6a3d4-c58a-44e7-a055-e43163416658,Participante 1,sesion_guiada,0.5248,0.4688,izquierda
2026-09-20 22:32:07,d5a6a3d4-c58a-44e7-a055-e43163416658,Participante 1,sesion_guiada,0.5249,0.4579,izquierda
2026-09-20 22:32:09,d5a6a3d4-c58a-44e7-a055-e43163416658,Participante 1,sesion_guiada,0.4875,0.4488,derecha
2026-09-20 22:32:10,d5a6a3d4-c58a-44e7-a055-e43163416658,Participante 1,sesion_guiada,0.4930,0.4373,izquierda
2026-09-20 22:32:11,d5a6a3d4-c58a-44e7-a055-e43163416658,Participante 1,sesion_guiada,0.5024,0.3039,derecha
2026-09-20 22:32:12,d5a6a3d4-c58a-44e7-a055-e43163416658,Participante 1,sesion_guiada,0.4855,0.3860,derecha
2026-09-20 22:32:13,d5a6a3d4-c58a-44e7-a055-e43163416658,Participante 1,sesion_guiada,0.4967,0.3721,izquierda
2026-09-20 22:32:14,d5a6a3d4-c58a-44e7-a055-e43163416658,Participante 1,sesion_guiada,0.5597,0.3913,izquierda
2026-09-20 22:32:16,d5a6a3d4-c58a-44e7-a055-e43163416658,Participante 1,sesion_guiada,0.5216,0.3833,izquierda
2026-09-20 22:32:17,d5a6a3d4-c58a-44e7-a055-e43163416658,Participante 1,sesion_guiada,0.5864,0.4550,izquierda
2026-09-20 22:32:18,d5a6a3d4-c58a-44e7-a055-e43163416658,Participante 1,sesion_guiada,0.6155,0.4827,izquierda
2026-09-20 22:32:19,d5a6a3d4-c58a-44e7-a055-e43163416658,Participante 1,sesion_guiada,0.5704,0.4493,derecha
2026-09-20 22:32:20,d5a6a3d4-c58a-44e7-a055-e43163416658,Participante 1,sesion_guiada,0.4963,0.4496,derecha
2026-09-20 22:32:21,d5a6a3d4-c58a-44e7-a055-e43163416658,Participante 1,sesion_guiada,0.5199,0.4217,derecha
2026-09-20 22:32:23,d5a6a3d4-c58a-44e7-a055-e43163416658,Participante 1,sesion_guiada,0.5010,0.4366,izquierda
2026-09-20 22:32:24,d5a6a3d4-c58a-44e7-a055-e43163416658,Participante 1,sesion_guiada,0.4992,0.4770,izquierda
2026-09-20 22:32:25,d5a6a3d4-c58a-44e7-a055-e43163416658,Participante 1,sesion_guiada,0.5300,0.4795,izquierda
2026-09-20 22:32:26,d5a6a3d4-c58a-44e7-a055-e43163416658,Participante 1,sesion_guiada,0.5270,0.4680,izquierda
2026-09-20 22:32:27,d5a6a3d4-c58a-44e7-a055-e43163416658,Participante 1,sesion_guiada,0.5093,0.4372,izquierda
2026-09-20 22:32:28,d5a6a3d4-c58a-44e7-a055-e43163416658,Participante 1,sesion_guiada,0.5096,0.4069,izquierda
2026-09-20 22:32:30,d5a6a3d4-c58a-44e7-a055-e43163416658,Participante 1,sesion_guiada,0.5399,0.4347,izquierda
2026-09-20 22:32:31,d5a6a3d4-c58a-44e7-a055-e43163416658,Participante 1,sesion_guiada,0.4746,0.4645,derecha
2026-09-20 22:32:32,d5a6a3d4-c58a-44e7-a055-e43163416658,Participante 1,sesion_guiada,0.4852,0.4478,derecha
2026-09-20 22:32:33,d5a6a3d4-c58a-44e7-a055-e43163416658,Participante 1,sesion_guiada,0.4657,0.4633,derecha
2026-09-20 22:32:34,d5a6a3d4-c58a-44e7-a055-e43163416658,Participante 1,sesion_guiada,0.4812,0.4482,derecha
2026-09-20 22:32:35,d5a6a3d4-c58a-44e7-a055-e43163416658,Participante 1,sesion_guiada,0.4556,0.4725,derecha
2026-09-20 22:32:37,d5a6a3d4-c58a-44e7-a055-e43163416658,Participante 1,sesion_guiada,0.5380,0.4767,derecha
2026-09-20 22:32:38,d5a6a3d4-c58a-44e7-a055-e43163416658,Participante 1,sesion_guiada,0.5244,0.4727,izquierda
2026-09-20 22:32:39,d5a6a3d4-c58a-44e7-a055-e43163416658,Participante 1,sesion_guiada,0.4931,0.4635,derecha
2026-09-20 22:32:40,d5a6a3d4-c58a-44e7-a055-e43163416658,Participante 1,sesion_guiada,0.4881,0.4443,derecha
2026-09-20 22:32:41,d5a6a3d4-c58a-44e7-a055-e43163416658,Participante 1,sesion_guiada,0.5571,0.4610,izquierda
2026-09-20 22:32:42,d5a6a3d4-c58a-44e7-a055-e43163416658,Participante 1,sesion_guiada,0.4708,0.4335,derecha
2026-09-20 22:32:44,d5a6a3d4-c58a-44e7-a055-e43163416658,Participante 1,sesion_guiada,0.4748,0.3628,derecha
2026-09-20 22:32:45,d5a6a3d4-c58a-44e7-a055-e43163416658,Participante 1,sesion_guiada,0.4598,0.4659,derecha
2026-09-20 22:32:46,d5a6a3d4-c58a-44e7-a055-e43163416658,Participante 1,sesion_guiada,0.5266,0.4369,izquierda
2026-09-20 22:32:47,d5a6a3d4-c58a-44e7-a055-e43163416658,Participante 1,sesion_guiada,0.5292,0.4789,derecha
2026-09-20 22:32:48,d5a6a3d4-c58a-44e7-a055-e43163416658,Participante 1,sesion_guiada,0.5265,0.4629,izquierda
2026-09-20 22:32:49,d5a6a3d4-c58a-44e7-a055-e43163416658,Participante 1,sesion_guiada,0.4896,0.4529,izquierda
2026-09-20 22:32:51,d5a6a3d4-c58a-44e7-a055-e43163416658,Participante 1,sesion_guiada,0.5461,0.4462,izquierda
2026-09-20 22:32:52,d5a6a3d4-c58a-44e7-a055-e43163416658,Participante 1,sesion_guiada,0.4641,0.4691,derecha
2026-09-20 22:32:53,d5a6a3d4-c58a-44e7-a055-e43163416658,Participante 1,sesion_guiada,0.4471,0.4516,derecha
2026-09-20 22:32:54,d5a6a3d4-c58a-44e7-a055-e43163416658,Participante 1,sesion_guiada,0.4777,0.4299,derecha
2026-09-20 22:32:55,d5a6a3d4-c58a-44e7-a055-e43163416658,Participante 1,sesion_guiada,0.4743,0.4707,derecha
2026-09-20 22:32:56,d5a6a3d4-c58a-44e7-a055-e43163416658,Participante 1,sesion_guiada,0.4637,0.4502,derecha
2026-09-20 22:32:58,d5a6a3d4-c58a-44e7-a055-e43163416658,Participante 1,sesion_guiada,0.4609,0.4551,derecha
2026-09-20 22:32:59,d5a6a3d4-c58a-44e7-a055-e43163416658,Participante 1,sesion_guiada,0.4708,0.4519,derecha
2026-09-20 22:33:00,d5a6a3d4-c58a-44e7-a055-e43163416658,Participante 1,sesion_guiada,0.4784,0.4563,derecha
2026-09-20 22:33:01,d5a6a3d4-c58a-44e7-a055-e43163416658,Participante 1,sesion_guiada,0.4763,0.4620,derecha
2026-09-20 22:33:02,d5a6a3d4-c58a-44e7-a055-e43163416658,Participante 1,sesion_guiada,0.4673,0.4524,derecha
2026-09-20 22:33:03,d5a6a3d4-c58a-44e7-a055-e43163416658,Participante 1,sesion_guiada,0.4840,0.4431,izquierda
2026-09-20 22:33:05,d5a6a3d4-c58a-44e7-a055-e43163416658,Participante 1,sesion_guiada,0.5206,0.4864,izquierda
2026-09-20 22:33:06,d5a6a3d4-c58a-44e7-a055-e43163416658,Participante 1,sesion_guiada,0.5298,0.4778,izquierda
2026-09-20 22:33:07,d5a6a3d4-c58a-44e7-a055-e43163416658,Participante 1,sesion_guiada,0.5275,0.4501,izquierda
2026-09-20 22:33:08,d5a6a3d4-c58a-44e7-a055-e43163416658,Participante 1,sesion_guiada,0.5124,0.3944,izquierda
2026-09-20 22:33:09,d5a6a3d4-c58a-44e7-a055-e43163416658,Participante 1,sesion_guiada,0.4941,0.4177,izquierda
2026-09-20 22:33:10,d5a6a3d4-c58a-44e7-a055-e43163416658,Participante 1,sesion_guiada,0.5004,0.3596,izquierda
2026-09-20 22:33:12,d5a6a3d4-c58a-44e7-a055-e43163416658,Participante 1,sesion_guiada,0.4940,0.3850,derecha
2026-09-20 22:33:13,d5a6a3d4-c58a-44e7-a055-e43163416658,Participante 1,sesion_guiada,0.5058,0.4682,izquierda
2026-09-20 22:33:14,d5a6a3d4-c58a-44e7-a055-e43163416658,Participante 1,sesion_guiada,0.5326,0.4533,izquierda
2026-09-20 22:33:15,d5a6a3d4-c58a-44e7-a055-e43163416658,Participante 1,sesion_guiada,0.5468,0.4892,izquierda
2026-09-20 22:33:16,d5a6a3d4-c58a-44e7-a055-e43163416658,Participante 1,sesion_guiada,0.5473,0.4903,izquierda
2026-09-20 22:33:17,d5a6a3d4-c58a-44e7-a055-e43163416658,Participante 1,sesion_guiada,0.5358,0.4774,izquierda
2026-09-20 22:33:19,d5a6a3d4-c58a-44e7-a055-e43163416658,Participante 1,sesion_guiada,0.5575,0.4901,izquierda
2026-09-20 22:33:20,d5a6a3d4-c58a-44e7-a055-e43163416658,Participante 1,sesion_guiada,0.5217,0.3632,izquierda
2026-09-20 22:33:21,d5a6a3d4-c58a-44e7-a055-e43163416658,Participante 1,sesion_guiada,0.4779,0.4033,derecha
2026-09-20 22:33:22,d5a6a3d4-c58a-44e7-a055-e43163416658,Participante 1,sesion_guiada,0.4673,0.3670,derecha
2026-09-20 22:33:23,d5a6a3d4-c58a-44e7-a055-e43163416658,Participante 1,sesion_guiada,0.4454,0.4311,derecha
2026-09-20 22:33:24,d5a6a3d4-c58a-44e7-a055-e43163416658,Participante 1,sesion_guiada,0.4470,0.4131,derecha
2026-09-20 22:33:26,d5a6a3d4-c58a-44e7-a055-e43163416658,Participante 1,sesion_guiada,0.4863,0.3735,derecha
2026-09-20 22:33:27,d5a6a3d4-c58a-44e7-a055-e43163416658,Participante 1,sesion_guiada,0.4918,0.4031,izquierda
2026-09-20 22:33:28,d5a6a3d4-c58a-44e7-a055-e43163416658,Participante 1,sesion_guiada,0.5105,0.3651,derecha
2026-09-20 22:33:29,d5a6a3d4-c58a-44e7-a055-e43163416658,Participante 1,sesion_guiada,0.4883,0.3582,izquierda
2026-09-20 22:33:30,d5a6a3d4-c58a-44e7-a055-e43163416658,Participante 1,sesion_guiada,0.4967,0.2058,izquierda
2026-09-20 22:33:31,d5a6a3d4-c58a-44e7-a055-e43163416658,Participante 1,sesion_guiada,0.5056,0.3450,izquierda
2026-09-20 22:33:33,d5a6a3d4-c58a-44e7-a055-e43163416658,Participante 1,sesion_guiada,0.4650,0.3958,derecha
2026-09-20 22:33:34,d5a6a3d4-c58a-44e7-a055-e43163416658,Participante 1,sesion_guiada,0.4843,0.3100,derecha
2026-09-20 22:33:35,d5a6a3d4-c58a-44e7-a055-e43163416658,Participante 1,sesion_guiada,0.4840,0.3767,izquierda
2026-09-20 22:33:36,d5a6a3d4-c58a-44e7-a055-e43163416658,Participante 1,sesion_guiada,0.4758,0.3548,izquierda
2026-09-20 22:33:37,d5a6a3d4-c58a-44e7-a055-e43163416658,Participante 1,sesion_guiada,0.5077,0.3346,izquierda
2026-09-20 22:33:38,d5a6a3d4-c58a-44e7-a055-e43163416658,Participante 1,sesion_guiada,0.4954,0.2575,izquierda
2026-09-20 22:33:40,d5a6a3d4-c58a-44e7-a055-e43163416658,Participante 1,sesion_guiada,0.4991,0.2284,izquierda
2026-09-20 22:33:41,d5a6a3d4-c58a-44e7-a055-e43163416658,Participante 1,sesion_guiada,0.4848,0.3706,derecha
2026-09-20 22:33:42,d5a6a3d4-c58a-44e7-a055-e43163416658,Participante 1,sesion_guiada,0.5302,0.3221,derecha
2026-09-20 22:33:43,d5a6a3d4-c58a-44e7-a055-e43163416658,Participante 1,sesion_guiada,0.5153,0.4072,izquierda
2026-09-20 22:33:44,d5a6a3d4-c58a-44e7-a055-e43163416658,Participante 1,sesion_guiada,0.4992,0.3705,derecha
2026-09-20 22:33:45,d5a6a3d4-c58a-44e7-a055-e43163416658,Participante 1,sesion_guiada,0.5039,0.2790,izquierda
2026-09-20 22:33:47,d5a6a3d4-c58a-44e7-a055-e43163416658,Participante 1,sesion_guiada,0.5106,0.2929,izquierda
2026-09-20 22:33:48,d5a6a3d4-c58a-44e7-a055-e43163416658,Participante 1,sesion_guiada,0.5103,0.3150,izquierda
2026-09-20 22:33:49,d5a6a3d4-c58a-44e7-a055-e43163416658,Participante 1,sesion_guiada,0.5018,0.2986,izquierda
2026-09-20 22:33:50,d5a6a3d4-c58a-44e7-a055-e43163416658,Participante 1,sesion_guiada,0.4974,0.2856,izquierda
2026-09-20 22:33:51,d5a6a3d4-c58a-44e7-a055-e43163416658,Participante 1,sesion_guiada,0.5068,0.2923,izquierda
2026-09-20 22:33:52,d5a6a3d4-c58a-44e7-a055-e43163416658,Participante 1,sesion_guiada,0.4733,0.3913,derecha
2026-09-20 22:33:54,d5a6a3d4-c58a-44e7-a055-e43163416658,Participante 1,sesion_guiada,0.4959,0.2939,derecha
2026-09-20 22:33:55,d5a6a3d4-c58a-44e7-a055-e43163416658,Participante 1,sesion_guiada,0.4753,0.3476,izquierda
2026-09-20 22:33:56,d5a6a3d4-c58a-44e7-a055-e43163416658,Participante 1,sesion_guiada,0.4965,0.3030,derecha
2026-09-20 22:33:57,d5a6a3d4-c58a-44e7-a055-e43163416658,Participante 1,sesion_guiada,0.4666,0.3065,izquierda
2026-09-20 22:33:58,d5a6a3d4-c58a-44e7-a055-e43163416658,Participante 1,sesion_guiada,0.5120,0.3306,derecha
2026-09-20 22:33:59,d5a6a3d4-c58a-44e7-a055-e43163416658,Participante 1,sesion_guiada,0.4984,0.2781,derecha
2026-09-20 22:34:01,d5a6a3d4-c58a-44e7-a055-e43163416658,Participante 1,sesion_guiada,0.4754,0.2177,derecha
2026-09-20 22:34:02,d5a6a3d4-c58a-44e7-a055-e43163416658,Participante 1,sesion_guiada,0.5287,0.3188,izquierda
2026-09-20 22:34:03,d5a6a3d4-c58a-44e7-a055-e43163416658,Participante 1,sesion_guiada,0.4857,0.2829,izquierda
2026-09-20 22:34:04,d5a6a3d4-c58a-44e7-a055-e43163416658,Participante 1,sesion_guiada,0.4777,0.2708,derecha
2026-09-20 22:34:05,d5a6a3d4-c58a-44e7-a055-e43163416658,Participante 1,sesion_guiada,0.4420,0.3148,derecha
2026-09-20 22:34:06,d5a6a3d4-c58a-44e7-a055-e43163416658,Participante 1,sesion_guiada,0.4670,0.3214,derecha
2026-09-20 22:34:08,d5a6a3d4-c58a-44e7-a055-e43163416658,Participante 1,sesion_guiada,0.4615,0.3176,derecha
2026-09-20 22:34:09,d5a6a3d4-c58a-44e7-a055-e43163416658,Participante 1,sesion_guiada,0.4972,0.2541,derecha
2026-09-20 22:34:10,d5a6a3d4-c58a-44e7-a055-e43163416658,Participante 1,sesion_guiada,0.4901,0.3073,derecha
2026-09-20 22:34:11,d5a6a3d4-c58a-44e7-a055-e43163416658,Participante 1,sesion_guiada,0.4959,0.3862,izquierda
2026-09-20 22:34:12,d5a6a3d4-c58a-44e7-a055-e43163416658,Participante 1,sesion_guiada,0.4778,0.2990,izquierda
2026-09-20 22:34:13,d5a6a3d4-c58a-44e7-a055-e43163416658,Participante 1,sesion_guiada,0.4559,0.3931,derecha
2026-09-20 22:34:15,d5a6a3d4-c58a-44e7-a055-e43163416658,Participante 1,sesion_guiada,0.4975,0.4078,izquierda
2026-09-20 22:34:16,d5a6a3d4-c58a-44e7-a055-e43163416658,Participante 1,sesion_guiada,0.5017,0.3586,derecha
2026-09-20 22:34:17,d5a6a3d4-c58a-44e7-a055-e43163416658,Participante 1,sesion_guiada,0.4877,0.3171,izquierda
2026-09-20 22:34:18,d5a6a3d4-c58a-44e7-a055-e43163416658,Participante 1,sesion_guiada,0.5020,0.2892,izquierda
2026-09-20 22:34:19,d5a6a3d4-c58a-44e7-a055-e43163416658,Participante 1,sesion_guiada,0.4608,0.2885,derecha
2026-09-20 22:34:20,d5a6a3d4-c58a-44e7-a055-e43163416658,Participante 1,sesion_guiada,0.4604,0.2818,derecha
2026-09-20 22:34:22,d5a6a3d4-c58a-44e7-a055-e43163416658,Participante 1,sesion_guiada,0.5066,0.3840,derecha
2026-09-20 22:34:23,d5a6a3d4-c58a-44e7-a055-e43163416658,Participante 1,sesion_guiada,0.4594,0.4031,derecha
2026-09-20 22:34:24,d5a6a3d4-c58a-44e7-a055-e43163416658,Participante 1,sesion_guiada,0.4744,0.3701,derecha
2026-09-20 22:34:25,d5a6a3d4-c58a-44e7-a055-e43163416658,Participante 1,sesion_guiada,0.5610,0.4557,izquierda
2026-09-20 22:34:26,d5a6a3d4-c58a-44e7-a055-e43163416658,Participante 1,sesion_guiada,0.6451,0.3747,izquierda
2026-09-20 22:34:27,d5a6a3d4-c58a-44e7-a055-e43163416658,Participante 1,sesion_guiada,0.5715,0.3990,izquierda
2026-09-20 22:34:29,d5a6a3d4-c58a-44e7-a055-e43163416658,Participante 1,sesion_guiada,0.5764,0.4209,izquierda
2026-09-20 22:34:30,d5a6a3d4-c58a-44e7-a055-e43163416658,Participante 1,sesion_guiada,0.5427,0.4316,izquierda
2026-09-20 22:34:31,d5a6a3d4-c58a-44e7-a055-e43163416658,Participante 1,sesion_guiada,0.6794,0.1466,izquierda
2026-09-20 22:34:32,d5a6a3d4-c58a-44e7-a055-e43163416658,Participante 1,sesion_guiada,0.6414,0.2437,izquierda
2026-09-20 22:34:33,d5a6a3d4-c58a-44e7-a055-e43163416658,Participante 1,sesion_guiada,0.4752,0.2358,izquierda
2026-09-20 22:34:34,d5a6a3d4-c58a-44e7-a055-e43163416658,Participante 1,sesion_guiada,0.5244,0.4008,izquierda
2026-09-20 22:34:36,d5a6a3d4-c58a-44e7-a055-e43163416658,Participante 1,sesion_guiada,0.5382,0.5029,izquierda
2026-09-20 22:34:37,d5a6a3d4-c58a-44e7-a055-e43163416658,Participante 1,sesion_guiada,0.4332,0.4192,derecha
2026-09-20 22:34:38,d5a6a3d4-c58a-44e7-a055-e43163416658,Participante 1,sesion_guiada,0.3802,0.4097,derecha
2026-09-20 22:34:39,d5a6a3d4-c58a-44e7-a055-e43163416658,Participante 1,sesion_guiada,0.4823,0.4140,izquierda
2026-09-20 22:34:40,d5a6a3d4-c58a-44e7-a055-e43163416658,Participante 1,sesion_guiada,0.4951,0.4718,izquierda
2026-09-20 22:34:41,d5a6a3d4-c58a-44e7-a055-e43163416658,Participante 1,sesion_guiada,0.5467,0.4849,izquierda
2026-09-20 22:34:43,d5a6a3d4-c58a-44e7-a055-e43163416658,Participante 1,sesion_guiada,0.4907,0.4299,izquierda
2026-09-20 22:34:44,d5a6a3d4-c58a-44e7-a055-e43163416658,Participante 1,sesion_guiada,0.2969,0.4504,derecha
2026-09-20 22:34:45,d5a6a3d4-c58a-44e7-a055-e43163416658,Participante 1,sesion_guiada,0.4192,0.3161,izquierda
2026-09-20 22:34:46,d5a6a3d4-c58a-44e7-a055-e43163416658,Participante 1,sesion_guiada,0.4671,0.5705,izquierda
2026-09-20 22:34:48,d5a6a3d4-c58a-44e7-a055-e43163416658,Participante 1,sesion_guiada,0.5274,0.4360,izquierda
2026-09-20 22:34:50,d5a6a3d4-c58a-44e7-a055-e43163416658,Participante 1,sesion_guiada,0.5077,0.4547,izquierda
2026-09-20 22:34:51,d5a6a3d4-c58a-44e7-a055-e43163416658,Participante 1,sesion_guiada,0.4958,0.8432,izquierda
2026-09-20 22:34:52,d5a6a3d4-c58a-44e7-a055-e43163416658,Participante 1,sesion_guiada,0.5106,0.4592,izquierda
2026-09-20 22:34:53,d5a6a3d4-c58a-44e7-a055-e43163416658,Participante 1,sesion_guiada,0.5167,0.4763,izquierda
2026-09-20 22:34:54,d5a6a3d4-c58a-44e7-a055-e43163416658,Participante 1,sesion_guiada,0.5074,0.4901,izquierda
2026-09-20 22:34:56,d5a6a3d4-c58a-44e7-a055-e43163416658,Participante 1,sesion_guiada,0.5139,0.4941,izquierda
2026-09-20 22:34:57,d5a6a3d4-c58a-44e7-a055-e43163416658,Participante 1,sesion_guiada,0.4979,0.5247,izquierda
2026-09-20 22:34:58,d5a6a3d4-c58a-44e7-a055-e43163416658,Participante 1,sesion_guiada,0.4962,0.4242,izquierda
2026-09-20 22:34:59,d5a6a3d4-c58a-44e7-a055-e43163416658,Participante 1,sesion_guiada,0.5090,0.3873,izquierda
2026-09-20 22:35:00,d5a6a3d4-c58a-44e7-a055-e43163416658,Participante 1,sesion_guiada,0.4177,0.4388,derecha
2026-09-20 22:35:01,d5a6a3d4-c58a-44e7-a055-e43163416658,Participante 1,sesion_guiada,0.5404,0.2915,izquierda
2026-09-20 22:35:03,d5a6a3d4-c58a-44e7-a055-e43163416658,Participante 1,sesion_guiada,0.4956,0.3931,izquierda
2026-09-20 22:35:04,d5a6a3d4-c58a-44e7-a055-e43163416658,Participante 1,sesion_guiada,0.4989,0.4046,izquierda
2026-09-20 22:35:18,d5a6a3d4-c58a-44e7-a055-e43163416658,Participante 1,sesion_guiada,0.5181,0.4507,izquierda
2026-09-20 22:35:22,d5a6a3d4-c58a-44e7-a055-e43163416658,Participante 1,sesion_guiada,0.5122,0.3906,izquierda
2026-09-20 22:35:27,d5a6a3d4-c58a-44e7-a055-e43163416658,Participante 1,sesion_guiada,0.5649,0.3736,izquierda
2026-09-20 22:35:31,d5a6a3d4-c58a-44e7-a055-e43163416658,Participante 1,sesion_guiada,0.5224,0.3622,izquierda
2026-09-20 22:35:35,d5a6a3d4-c58a-44e7-a055-e43163416658,Participante 1,sesion_guiada,0.5303,0.4848,izquierda
2026-09-20 22:35:36,d5a6a3d4-c58a-44e7-a055-e43163416658,Participante 1,sesion_guiada,0.5142,0.4451,izquierda
2026-09-20 22:35:38,d5a6a3d4-c58a-44e7-a055-e43163416658,Participante 1,sesion_guiada,0.5097,0.4008,izquierda
2026-09-20 22:35:39,d5a6a3d4-c58a-44e7-a055-e43163416658,Participante 1,sesion_guiada,0.4975,0.4500,izquierda
2026-09-20 22:35:40,d5a6a3d4-c58a-44e7-a055-e43163416658,Participante 1,sesion_guiada,0.5090,0.4434,izquierda
2026-09-20 22:35:41,d5a6a3d4-c58a-44e7-a055-e43163416658,Participante 1,sesion_guiada,0.5833,1.0000,izquierda
2026-09-20 22:35:42,d5a6a3d4-c58a-44e7-a055-e43163416658,Participante 1,sesion_guiada,0.4832,0.4642,izquierda
2026-09-20 22:35:43,d5a6a3d4-c58a-44e7-a055-e43163416658,Participante 1,sesion_guiada,0.4882,0.4776,derecha
2026-09-20 22:35:45,d5a6a3d4-c58a-44e7-a055-e43163416658,Participante 1,sesion_guiada,0.4794,0.4846,derecha
2026-09-20 22:35:46,d5a6a3d4-c58a-44e7-a055-e43163416658,Participante 1,sesion_guiada,0.4908,0.4903,derecha
2026-09-20 22:35:47,d5a6a3d4-c58a-44e7-a055-e43163416658,Participante 1,sesion_guiada,0.4717,0.4893,derecha
2026-09-20 22:35:48,d5a6a3d4-c58a-44e7-a055-e43163416658,Participante 1,sesion_guiada,0.4892,0.4851,derecha
2026-09-20 22:35:49,d5a6a3d4-c58a-44e7-a055-e43163416658,Participante 1,sesion_guiada,0.4869,0.4722,izquierda
2026-09-20 22:35:50,d5a6a3d4-c58a-44e7-a055-e43163416658,Participante 1,sesion_guiada,0.4983,0.4879,izquierda
